strain,ref,ANI,1,2,species
33-CXD175,GCF_008693705.1,94.4677,1264,1458,Aeromonas veronii
33-CXD175,GCF_016026615.1,93.023,1233,1458,Aeromonas allosaccharophila
33-CXD175,GCF_016127195.1,90.9046,1232,1458,Aeromonas jandaei
33-CXD175,GCF_016026875.1,87.7644,1185,1458,Aeromonas hydrophila
33-CXD175,GCF_020405345.1,87.524,1184,1458,Aeromonas dhakensis
33-CXD175,GCF_020341435.1,87.3425,1172,1458,Aeromonas enteropelogenes
33-CXD175,GCF_012931585.1,86.1263,1130,1458,Aeromonas salmonicida
33-CXD175,GCF_020423125.1,86.1224,1057,1458,Aeromonas media
33-CXD175,GCF_014169735.1,85.9083,1054,1458,Aeromonas caviae
33-CXD175,GCF_900637545.1,85.6148,1073,1458,Aeromonas encheleia
33-CXD175,GCF_020149575.1,83.0457,947,1458,Aeromonas rivuli
33-CXD175,GCF_014892695.1,81.3915,787,1458,Aeromonas simiae
29-AH125,GCF_020423125.1,94.5605,1281,1423,Aeromonas media
29-AH125,GCF_014169735.1,90.2505,1237,1423,Aeromonas caviae
29-AH125,GCF_900637545.1,89.9915,1256,1423,Aeromonas encheleia
29-AH125,GCF_016026875.1,88.7041,1197,1423,Aeromonas hydrophila
29-AH125,GCF_020405345.1,88.4742,1206,1423,Aeromonas dhakensis
29-AH125,GCF_012931585.1,87.1425,1168,1423,Aeromonas salmonicida
29-AH125,GCF_020341435.1,86.636,1076,1423,Aeromonas enteropelogenes
29-AH125,GCF_016026615.1,86.5773,1063,1423,Aeromonas allosaccharophila
29-AH125,GCF_008693705.1,86.3619,1064,1423,Aeromonas veronii
29-AH125,GCF_016127195.1,85.9568,1076,1423,Aeromonas jandaei
29-AH125,GCF_020149575.1,85.3824,1114,1423,Aeromonas rivuli
29-AH125,GCF_014892695.1,81.9784,841,1423,Aeromonas simiae
6-AD9,GCF_020405345.1,99.0391,1449,1576,Aeromonas dhakensis
6-AD9,GCF_016026875.1,93.9859,1347,1576,Aeromonas hydrophila
6-AD9,GCF_014169735.1,88.8132,1175,1576,Aeromonas caviae
6-AD9,GCF_020423125.1,88.2578,1177,1576,Aeromonas media
6-AD9,GCF_020341435.1,88.0383,1173,1576,Aeromonas enteropelogenes
6-AD9,GCF_012931585.1,87.8614,1260,1576,Aeromonas salmonicida
6-AD9,GCF_900637545.1,87.7767,1204,1576,Aeromonas encheleia
6-AD9,GCF_016127195.1,87.6755,1182,1576,Aeromonas jandaei
6-AD9,GCF_016026615.1,87.5648,1179,1576,Aeromonas allosaccharophila
6-AD9,GCF_008693705.1,87.5205,1172,1576,Aeromonas veronii
6-AD9,GCF_020149575.1,84.1002,1050,1576,Aeromonas rivuli
6-AD9,GCF_014892695.1,82.4922,855,1576,Aeromonas simiae
3,GCF_020405345.1,97.2971,1429,1543,Aeromonas dhakensis
3,GCF_016026875.1,93.982,1370,1543,Aeromonas hydrophila
3,GCF_014169735.1,88.9661,1185,1543,Aeromonas caviae
3,GCF_020423125.1,88.3101,1197,1543,Aeromonas media
3,GCF_020341435.1,88.0826,1181,1543,Aeromonas enteropelogenes
3,GCF_012931585.1,88.0428,1287,1543,Aeromonas salmonicida
3,GCF_900637545.1,87.8972,1212,1543,Aeromonas encheleia
3,GCF_016127195.1,87.6652,1198,1543,Aeromonas jandaei
3,GCF_016026615.1,87.5308,1162,1543,Aeromonas allosaccharophila
3,GCF_008693705.1,87.5117,1171,1543,Aeromonas veronii
3,GCF_020149575.1,84.214,1061,1543,Aeromonas rivuli
3,GCF_014892695.1,82.384,845,1543,Aeromonas simiae
AD21,GCF_020405345.1,99.0894,1459,1551,Aeromonas dhakensis
AD21,GCF_016026875.1,93.9655,1361,1551,Aeromonas hydrophila
AD21,GCF_014169735.1,88.7975,1180,1551,Aeromonas caviae
AD21,GCF_020423125.1,88.2484,1171,1551,Aeromonas media
AD21,GCF_020341435.1,88.0982,1177,1551,Aeromonas enteropelogenes
AD21,GCF_012931585.1,88.0072,1263,1551,Aeromonas salmonicida
AD21,GCF_016127195.1,87.8427,1174,1551,Aeromonas jandaei
AD21,GCF_900637545.1,87.8366,1216,1551,Aeromonas encheleia
AD21,GCF_008693705.1,87.557,1161,1551,Aeromonas veronii
AD21,GCF_016026615.1,87.5514,1172,1551,Aeromonas allosaccharophila
AD21,GCF_020149575.1,84.1662,1069,1551,Aeromonas rivuli
AD21,GCF_014892695.1,82.488,867,1551,Aeromonas simiae
AH07,GCF_016026875.1,96.9432,1365,1556,Aeromonas hydrophila
AH07,GCF_020405345.1,93.858,1323,1556,Aeromonas dhakensis
AH07,GCF_014169735.1,88.8337,1138,1556,Aeromonas caviae
AH07,GCF_012931585.1,88.3439,1246,1556,Aeromonas salmonicida
AH07,GCF_020423125.1,88.3239,1168,1556,Aeromonas media
AH07,GCF_900637545.1,87.9264,1188,1556,Aeromonas encheleia
AH07,GCF_016127195.1,87.9143,1152,1556,Aeromonas jandaei
AH07,GCF_016026615.1,87.7542,1137,1556,Aeromonas allosaccharophila
AH07,GCF_008693705.1,87.6157,1138,1556,Aeromonas veronii
AH07,GCF_020341435.1,87.4239,1122,1556,Aeromonas enteropelogenes
AH07,GCF_020149575.1,84.2478,1031,1556,Aeromonas rivuli
AH07,GCF_014892695.1,82.211,832,1556,Aeromonas simiae
12,GCF_008693705.1,96.4805,1294,1440,Aeromonas veronii
12,GCF_016026615.1,93.9462,1260,1440,Aeromonas allosaccharophila
12,GCF_016127195.1,90.8494,1256,1440,Aeromonas jandaei
12,GCF_016026875.1,87.8128,1194,1440,Aeromonas hydrophila
12,GCF_020405345.1,87.6368,1165,1440,Aeromonas dhakensis
12,GCF_020341435.1,87.5216,1180,1440,Aeromonas enteropelogenes
12,GCF_012931585.1,86.4553,1117,1440,Aeromonas salmonicida
12,GCF_020423125.1,86.2186,1079,1440,Aeromonas media
12,GCF_014169735.1,86.085,1062,1440,Aeromonas caviae
12,GCF_900637545.1,85.8089,1104,1440,Aeromonas encheleia
12,GCF_020149575.1,83.0932,969,1440,Aeromonas rivuli
12,GCF_014892695.1,81.3397,807,1440,Aeromonas simiae
8,GCF_020405345.1,97.2955,1421,1508,Aeromonas dhakensis
8,GCF_016026875.1,93.842,1372,1508,Aeromonas hydrophila
8,GCF_014169735.1,88.9976,1166,1508,Aeromonas caviae
8,GCF_020423125.1,88.2011,1182,1508,Aeromonas media
8,GCF_020341435.1,88.1949,1165,1508,Aeromonas enteropelogenes
8,GCF_012931585.1,88.1544,1276,1508,Aeromonas salmonicida
8,GCF_900637545.1,87.9578,1203,1508,Aeromonas encheleia
8,GCF_016127195.1,87.7822,1187,1508,Aeromonas jandaei
8,GCF_008693705.1,87.5817,1158,1508,Aeromonas veronii
8,GCF_016026615.1,87.5442,1156,1508,Aeromonas allosaccharophila
8,GCF_020149575.1,84.1977,1053,1508,Aeromonas rivuli
8,GCF_014892695.1,82.3868,853,1508,Aeromonas simiae
AH13,GCF_016026875.1,96.9394,1430,1613,Aeromonas hydrophila
AH13,GCF_020405345.1,93.8224,1382,1613,Aeromonas dhakensis
AH13,GCF_014169735.1,88.7652,1219,1613,Aeromonas caviae
AH13,GCF_020423125.1,88.4624,1193,1613,Aeromonas media
AH13,GCF_012931585.1,88.4443,1282,1613,Aeromonas salmonicida
AH13,GCF_900637545.1,87.9995,1233,1613,Aeromonas encheleia
AH13,GCF_016127195.1,87.9275,1198,1613,Aeromonas jandaei
AH13,GCF_016026615.1,87.831,1189,1613,Aeromonas allosaccharophila
AH13,GCF_008693705.1,87.6999,1175,1613,Aeromonas veronii
AH13,GCF_020341435.1,87.641,1173,1613,Aeromonas enteropelogenes
AH13,GCF_020149575.1,84.3503,1080,1613,Aeromonas rivuli
AH13,GCF_014892695.1,82.2829,858,1613,Aeromonas simiae
24-AH06,GCF_016026875.1,96.909,1420,1607,Aeromonas hydrophila
24-AH06,GCF_020405345.1,93.8407,1376,1607,Aeromonas dhakensis
24-AH06,GCF_014169735.1,88.8561,1206,1607,Aeromonas caviae
24-AH06,GCF_012931585.1,88.4185,1280,1607,Aeromonas salmonicida
24-AH06,GCF_020423125.1,88.3808,1197,1607,Aeromonas media
24-AH06,GCF_900637545.1,88.0302,1219,1607,Aeromonas encheleia
24-AH06,GCF_016127195.1,88.0021,1185,1607,Aeromonas jandaei
24-AH06,GCF_016026615.1,87.8215,1186,1607,Aeromonas allosaccharophila
24-AH06,GCF_008693705.1,87.7042,1179,1607,Aeromonas veronii
24-AH06,GCF_020341435.1,87.6125,1159,1607,Aeromonas enteropelogenes
24-AH06,GCF_020149575.1,84.2792,1079,1607,Aeromonas rivuli
24-AH06,GCF_014892695.1,82.2519,873,1607,Aeromonas simiae
11-AH145,GCF_012931585.1,97.4951,1328,1439,Aeromonas salmonicida
11-AH145,GCF_016026875.1,88.3822,1232,1439,Aeromonas hydrophila
11-AH145,GCF_020405345.1,87.9793,1226,1439,Aeromonas dhakensis
11-AH145,GCF_900637545.1,87.0427,1139,1439,Aeromonas encheleia
11-AH145,GCF_020423125.1,86.9867,1135,1439,Aeromonas media
11-AH145,GCF_016026615.1,86.6162,1079,1439,Aeromonas allosaccharophila
11-AH145,GCF_008693705.1,86.2604,1091,1439,Aeromonas veronii
11-AH145,GCF_014169735.1,86.0321,1146,1439,Aeromonas caviae
11-AH145,GCF_020341435.1,85.7343,1066,1439,Aeromonas enteropelogenes
11-AH145,GCF_016127195.1,85.6616,1073,1439,Aeromonas jandaei
11-AH145,GCF_020149575.1,83.8441,1009,1439,Aeromonas rivuli
11-AH145,GCF_014892695.1,81.0693,769,1439,Aeromonas simiae
1,GCF_020405345.1,97.3916,1412,1520,Aeromonas dhakensis
1,GCF_016026875.1,93.9717,1353,1520,Aeromonas hydrophila
1,GCF_014169735.1,88.9135,1165,1520,Aeromonas caviae
1,GCF_020423125.1,88.2877,1184,1520,Aeromonas media
1,GCF_012931585.1,88.0338,1270,1520,Aeromonas salmonicida
1,GCF_020341435.1,88.0234,1166,1520,Aeromonas enteropelogenes
1,GCF_900637545.1,87.9014,1199,1520,Aeromonas encheleia
1,GCF_016127195.1,87.7223,1166,1520,Aeromonas jandaei
1,GCF_016026615.1,87.4582,1176,1520,Aeromonas allosaccharophila
1,GCF_008693705.1,87.4574,1163,1520,Aeromonas veronii
1,GCF_020149575.1,84.2438,1049,1520,Aeromonas rivuli
1,GCF_014892695.1,82.4157,844,1520,Aeromonas simiae
14,GCF_020405345.1,97.4443,1440,1534,Aeromonas dhakensis
14,GCF_016026875.1,93.8973,1396,1534,Aeromonas hydrophila
14,GCF_014169735.1,88.9781,1178,1534,Aeromonas caviae
14,GCF_020423125.1,88.2759,1198,1534,Aeromonas media
14,GCF_020341435.1,88.1002,1180,1534,Aeromonas enteropelogenes
14,GCF_012931585.1,88.0515,1293,1534,Aeromonas salmonicida
14,GCF_900637545.1,87.9361,1207,1534,Aeromonas encheleia
14,GCF_016127195.1,87.719,1189,1534,Aeromonas jandaei
14,GCF_016026615.1,87.5004,1169,1534,Aeromonas allosaccharophila
14,GCF_008693705.1,87.4568,1167,1534,Aeromonas veronii
14,GCF_020149575.1,84.28,1049,1534,Aeromonas rivuli
14,GCF_014892695.1,82.4065,865,1534,Aeromonas simiae
27-AH126,GCF_008693705.1,96.5665,1300,1426,Aeromonas veronii
27-AH126,GCF_016026615.1,93.9364,1243,1426,Aeromonas allosaccharophila
27-AH126,GCF_016127195.1,90.7531,1221,1426,Aeromonas jandaei
27-AH126,GCF_016026875.1,87.8272,1169,1426,Aeromonas hydrophila
27-AH126,GCF_020405345.1,87.5796,1153,1426,Aeromonas dhakensis
27-AH126,GCF_020341435.1,87.5325,1144,1426,Aeromonas enteropelogenes
27-AH126,GCF_012931585.1,86.3568,1119,1426,Aeromonas salmonicida
27-AH126,GCF_020423125.1,86.3243,1048,1426,Aeromonas media
27-AH126,GCF_014169735.1,86.068,1070,1426,Aeromonas caviae
27-AH126,GCF_900637545.1,85.8087,1064,1426,Aeromonas encheleia
27-AH126,GCF_020149575.1,83.2906,924,1426,Aeromonas rivuli
27-AH126,GCF_014892695.1,81.5103,787,1426,Aeromonas simiae
3-AH146,GCF_016026875.1,96.9365,1416,1608,Aeromonas hydrophila
3-AH146,GCF_020405345.1,93.885,1366,1608,Aeromonas dhakensis
3-AH146,GCF_014169735.1,88.8779,1206,1608,Aeromonas caviae
3-AH146,GCF_020423125.1,88.4116,1192,1608,Aeromonas media
3-AH146,GCF_012931585.1,88.3683,1279,1608,Aeromonas salmonicida
3-AH146,GCF_900637545.1,88.006,1211,1608,Aeromonas encheleia
3-AH146,GCF_016127195.1,87.971,1186,1608,Aeromonas jandaei
3-AH146,GCF_016026615.1,87.8355,1183,1608,Aeromonas allosaccharophila
3-AH146,GCF_008693705.1,87.684,1179,1608,Aeromonas veronii
3-AH146,GCF_020341435.1,87.6373,1153,1608,Aeromonas enteropelogenes
3-AH146,GCF_020149575.1,84.3639,1058,1608,Aeromonas rivuli
3-AH146,GCF_014892695.1,82.4209,852,1608,Aeromonas simiae
38-AH163,GCF_020405345.1,99.0452,1455,1573,Aeromonas dhakensis
38-AH163,GCF_016026875.1,93.9967,1367,1573,Aeromonas hydrophila
38-AH163,GCF_014169735.1,88.8421,1175,1573,Aeromonas caviae
38-AH163,GCF_020423125.1,88.2449,1183,1573,Aeromonas media
38-AH163,GCF_020341435.1,88.1941,1190,1573,Aeromonas enteropelogenes
38-AH163,GCF_012931585.1,87.9867,1283,1573,Aeromonas salmonicida
38-AH163,GCF_900637545.1,87.8695,1215,1573,Aeromonas encheleia
38-AH163,GCF_016127195.1,87.7438,1189,1573,Aeromonas jandaei
38-AH163,GCF_008693705.1,87.6091,1172,1573,Aeromonas veronii
38-AH163,GCF_016026615.1,87.5744,1166,1573,Aeromonas allosaccharophila
38-AH163,GCF_020149575.1,84.2187,1063,1573,Aeromonas rivuli
38-AH163,GCF_014892695.1,82.4716,869,1573,Aeromonas simiae
23,GCF_020405345.1,97.424,1425,1519,Aeromonas dhakensis
23,GCF_016026875.1,93.8841,1366,1519,Aeromonas hydrophila
23,GCF_014169735.1,88.9672,1174,1519,Aeromonas caviae
23,GCF_020423125.1,88.2963,1179,1519,Aeromonas media
23,GCF_020341435.1,88.1257,1169,1519,Aeromonas enteropelogenes
23,GCF_900637545.1,88.0107,1211,1519,Aeromonas encheleia
23,GCF_012931585.1,87.9744,1283,1519,Aeromonas salmonicida
23,GCF_016127195.1,87.7152,1194,1519,Aeromonas jandaei
23,GCF_016026615.1,87.5151,1181,1519,Aeromonas allosaccharophila
23,GCF_008693705.1,87.4887,1165,1519,Aeromonas veronii
23,GCF_020149575.1,84.2997,1075,1519,Aeromonas rivuli
23,GCF_014892695.1,82.5336,854,1519,Aeromonas simiae
3-AH03,GCF_016026875.1,96.9577,1397,1592,Aeromonas hydrophila
3-AH03,GCF_020405345.1,93.876,1355,1592,Aeromonas dhakensis
3-AH03,GCF_014169735.1,88.8092,1177,1592,Aeromonas caviae
3-AH03,GCF_012931585.1,88.5052,1248,1592,Aeromonas salmonicida
3-AH03,GCF_020423125.1,88.3913,1185,1592,Aeromonas media
3-AH03,GCF_900637545.1,88.0504,1209,1592,Aeromonas encheleia
3-AH03,GCF_016127195.1,87.9505,1167,1592,Aeromonas jandaei
3-AH03,GCF_016026615.1,87.91,1170,1592,Aeromonas allosaccharophila
3-AH03,GCF_008693705.1,87.7391,1166,1592,Aeromonas veronii
3-AH03,GCF_020341435.1,87.6425,1146,1592,Aeromonas enteropelogenes
3-AH03,GCF_020149575.1,84.2791,1057,1592,Aeromonas rivuli
3-AH03,GCF_014892695.1,82.3449,850,1592,Aeromonas simiae
20-AERO171,GCF_020405345.1,99.0311,1446,1554,Aeromonas dhakensis
20-AERO171,GCF_016026875.1,94.0385,1351,1554,Aeromonas hydrophila
20-AERO171,GCF_014169735.1,88.8279,1177,1554,Aeromonas caviae
20-AERO171,GCF_020423125.1,88.1931,1180,1554,Aeromonas media
20-AERO171,GCF_020341435.1,88.0225,1178,1554,Aeromonas enteropelogenes
20-AERO171,GCF_012931585.1,87.9436,1254,1554,Aeromonas salmonicida
20-AERO171,GCF_900637545.1,87.8459,1185,1554,Aeromonas encheleia
20-AERO171,GCF_016127195.1,87.8301,1171,1554,Aeromonas jandaei
20-AERO171,GCF_016026615.1,87.6315,1172,1554,Aeromonas allosaccharophila
20-AERO171,GCF_008693705.1,87.4806,1194,1554,Aeromonas veronii
20-AERO171,GCF_020149575.1,84.1391,1044,1554,Aeromonas rivuli
20-AERO171,GCF_014892695.1,82.4925,858,1554,Aeromonas simiae
24-AH100,GCF_020405345.1,99.0609,1452,1549,Aeromonas dhakensis
24-AH100,GCF_016026875.1,93.9702,1355,1549,Aeromonas hydrophila
24-AH100,GCF_014169735.1,88.7351,1178,1549,Aeromonas caviae
24-AH100,GCF_020423125.1,88.2108,1178,1549,Aeromonas media
24-AH100,GCF_020341435.1,88.0939,1166,1549,Aeromonas enteropelogenes
24-AH100,GCF_012931585.1,87.95,1277,1549,Aeromonas salmonicida
24-AH100,GCF_900637545.1,87.797,1211,1549,Aeromonas encheleia
24-AH100,GCF_016127195.1,87.7218,1178,1549,Aeromonas jandaei
24-AH100,GCF_016026615.1,87.545,1162,1549,Aeromonas allosaccharophila
24-AH100,GCF_008693705.1,87.5435,1170,1549,Aeromonas veronii
24-AH100,GCF_020149575.1,84.1681,1032,1549,Aeromonas rivuli
24-AH100,GCF_014892695.1,82.3541,854,1549,Aeromonas simiae
28-AH124,GCF_008693705.1,96.4429,1240,1373,Aeromonas veronii
28-AH124,GCF_016026615.1,93.9153,1213,1373,Aeromonas allosaccharophila
28-AH124,GCF_016127195.1,90.7477,1208,1373,Aeromonas jandaei
28-AH124,GCF_016026875.1,87.772,1129,1373,Aeromonas hydrophila
28-AH124,GCF_020405345.1,87.4564,1126,1373,Aeromonas dhakensis
28-AH124,GCF_020341435.1,87.4475,1136,1373,Aeromonas enteropelogenes
28-AH124,GCF_012931585.1,86.3787,1069,1373,Aeromonas salmonicida
28-AH124,GCF_020423125.1,86.1324,1032,1373,Aeromonas media
28-AH124,GCF_014169735.1,86.0402,1026,1373,Aeromonas caviae
28-AH124,GCF_900637545.1,85.7254,1048,1373,Aeromonas encheleia
28-AH124,GCF_020149575.1,83.1659,907,1373,Aeromonas rivuli
28-AH124,GCF_014892695.1,81.2882,780,1373,Aeromonas simiae
36-CXD178,GCF_020405345.1,97.2293,1411,1506,Aeromonas dhakensis
36-CXD178,GCF_016026875.1,93.9063,1366,1506,Aeromonas hydrophila
36-CXD178,GCF_014169735.1,88.9388,1153,1506,Aeromonas caviae
36-CXD178,GCF_020423125.1,88.332,1170,1506,Aeromonas media
36-CXD178,GCF_012931585.1,88.0488,1256,1506,Aeromonas salmonicida
36-CXD178,GCF_020341435.1,88.0392,1158,1506,Aeromonas enteropelogenes
36-CXD178,GCF_900637545.1,87.8496,1211,1506,Aeromonas encheleia
36-CXD178,GCF_016127195.1,87.6773,1188,1506,Aeromonas jandaei
36-CXD178,GCF_016026615.1,87.6426,1153,1506,Aeromonas allosaccharophila
36-CXD178,GCF_008693705.1,87.4706,1171,1506,Aeromonas veronii
36-CXD178,GCF_020149575.1,84.2575,1042,1506,Aeromonas rivuli
36-CXD178,GCF_014892695.1,82.3421,841,1506,Aeromonas simiae
38-CXD184,GCF_014169735.1,97.9309,1299,1436,Aeromonas caviae
38-CXD184,GCF_020423125.1,89.831,1218,1436,Aeromonas media
38-CXD184,GCF_020405345.1,88.9471,1169,1436,Aeromonas dhakensis
38-CXD184,GCF_016026875.1,88.8525,1183,1436,Aeromonas hydrophila
38-CXD184,GCF_900637545.1,87.868,1215,1436,Aeromonas encheleia
38-CXD184,GCF_020341435.1,86.408,1072,1436,Aeromonas enteropelogenes
38-CXD184,GCF_008693705.1,86.2108,1060,1436,Aeromonas veronii
38-CXD184,GCF_016026615.1,86.114,1055,1436,Aeromonas allosaccharophila
38-CXD184,GCF_012931585.1,86.0835,1139,1436,Aeromonas salmonicida
38-CXD184,GCF_016127195.1,86.0039,1052,1436,Aeromonas jandaei
38-CXD184,GCF_020149575.1,84.3365,1049,1436,Aeromonas rivuli
38-CXD184,GCF_014892695.1,82.2585,867,1436,Aeromonas simiae
39-AH164,GCF_020405345.1,99.0287,1432,1548,Aeromonas dhakensis
39-AH164,GCF_016026875.1,93.972,1336,1548,Aeromonas hydrophila
39-AH164,GCF_014169735.1,88.778,1159,1548,Aeromonas caviae
39-AH164,GCF_020423125.1,88.2821,1144,1548,Aeromonas media
39-AH164,GCF_012931585.1,87.9771,1251,1548,Aeromonas salmonicida
39-AH164,GCF_020341435.1,87.9348,1166,1548,Aeromonas enteropelogenes
39-AH164,GCF_900637545.1,87.8251,1192,1548,Aeromonas encheleia
39-AH164,GCF_016127195.1,87.6783,1167,1548,Aeromonas jandaei
39-AH164,GCF_016026615.1,87.529,1141,1548,Aeromonas allosaccharophila
39-AH164,GCF_008693705.1,87.511,1153,1548,Aeromonas veronii
39-AH164,GCF_020149575.1,84.0097,1040,1548,Aeromonas rivuli
39-AH164,GCF_014892695.1,82.3539,847,1548,Aeromonas simiae
4-AH147,GCF_016026875.1,96.8742,1412,1601,Aeromonas hydrophila
4-AH147,GCF_020405345.1,93.8654,1365,1601,Aeromonas dhakensis
4-AH147,GCF_014169735.1,88.851,1185,1601,Aeromonas caviae
4-AH147,GCF_012931585.1,88.4003,1268,1601,Aeromonas salmonicida
4-AH147,GCF_020423125.1,88.3707,1198,1601,Aeromonas media
4-AH147,GCF_016127195.1,88.0922,1174,1601,Aeromonas jandaei
4-AH147,GCF_900637545.1,87.9253,1224,1601,Aeromonas encheleia
4-AH147,GCF_016026615.1,87.8315,1180,1601,Aeromonas allosaccharophila
4-AH147,GCF_008693705.1,87.6724,1170,1601,Aeromonas veronii
4-AH147,GCF_020341435.1,87.592,1152,1601,Aeromonas enteropelogenes
4-AH147,GCF_020149575.1,84.2392,1076,1601,Aeromonas rivuli
4-AH147,GCF_014892695.1,82.2816,846,1601,Aeromonas simiae
17,GCF_016026875.1,96.9484,1428,1585,Aeromonas hydrophila
17,GCF_020405345.1,93.8688,1380,1585,Aeromonas dhakensis
17,GCF_014169735.1,88.962,1200,1585,Aeromonas caviae
17,GCF_020423125.1,88.5636,1183,1585,Aeromonas media
17,GCF_012931585.1,88.3708,1263,1585,Aeromonas salmonicida
17,GCF_900637545.1,87.9985,1239,1585,Aeromonas encheleia
17,GCF_008693705.1,87.9047,1165,1585,Aeromonas veronii
17,GCF_016127195.1,87.8723,1227,1585,Aeromonas jandaei
17,GCF_016026615.1,87.7108,1189,1585,Aeromonas allosaccharophila
17,GCF_020341435.1,87.6866,1171,1585,Aeromonas enteropelogenes
17,GCF_020149575.1,84.2347,1096,1585,Aeromonas rivuli
17,GCF_014892695.1,82.4253,882,1585,Aeromonas simiae
10-AH37,GCF_020405345.1,99.0005,1417,1537,Aeromonas dhakensis
10-AH37,GCF_016026875.1,93.9931,1328,1537,Aeromonas hydrophila
10-AH37,GCF_014169735.1,88.7602,1169,1537,Aeromonas caviae
10-AH37,GCF_020423125.1,88.2526,1142,1537,Aeromonas media
10-AH37,GCF_020341435.1,88.1097,1147,1537,Aeromonas enteropelogenes
10-AH37,GCF_012931585.1,88.0039,1226,1537,Aeromonas salmonicida
10-AH37,GCF_900637545.1,87.8707,1174,1537,Aeromonas encheleia
10-AH37,GCF_016026615.1,87.7906,1130,1537,Aeromonas allosaccharophila
10-AH37,GCF_016127195.1,87.734,1169,1537,Aeromonas jandaei
10-AH37,GCF_008693705.1,87.5619,1134,1537,Aeromonas veronii
10-AH37,GCF_020149575.1,84.154,1024,1537,Aeromonas rivuli
10-AH37,GCF_014892695.1,82.451,825,1537,Aeromonas simiae
7,GCF_020405345.1,97.3718,1416,1492,Aeromonas dhakensis
7,GCF_016026875.1,93.9585,1366,1492,Aeromonas hydrophila
7,GCF_014169735.1,88.9628,1180,1492,Aeromonas caviae
7,GCF_020423125.1,88.2901,1195,1492,Aeromonas media
7,GCF_012931585.1,88.1171,1283,1492,Aeromonas salmonicida
7,GCF_020341435.1,88.0509,1163,1492,Aeromonas enteropelogenes
7,GCF_900637545.1,87.9611,1196,1492,Aeromonas encheleia
7,GCF_016127195.1,87.7692,1182,1492,Aeromonas jandaei
7,GCF_008693705.1,87.5272,1158,1492,Aeromonas veronii
7,GCF_016026615.1,87.5195,1182,1492,Aeromonas allosaccharophila
7,GCF_020149575.1,84.3567,1049,1492,Aeromonas rivuli
7,GCF_014892695.1,82.4493,842,1492,Aeromonas simiae
8-AH22,GCF_016026875.1,96.9249,1412,1608,Aeromonas hydrophila
8-AH22,GCF_020405345.1,93.8735,1369,1608,Aeromonas dhakensis
8-AH22,GCF_014169735.1,88.8954,1186,1608,Aeromonas caviae
8-AH22,GCF_012931585.1,88.4315,1275,1608,Aeromonas salmonicida
8-AH22,GCF_020423125.1,88.3777,1204,1608,Aeromonas media
8-AH22,GCF_016127195.1,87.9823,1185,1608,Aeromonas jandaei
8-AH22,GCF_900637545.1,87.9773,1222,1608,Aeromonas encheleia
8-AH22,GCF_016026615.1,87.8236,1177,1608,Aeromonas allosaccharophila
8-AH22,GCF_008693705.1,87.7061,1191,1608,Aeromonas veronii
8-AH22,GCF_020341435.1,87.5608,1164,1608,Aeromonas enteropelogenes
8-AH22,GCF_020149575.1,84.1921,1087,1608,Aeromonas rivuli
8-AH22,GCF_014892695.1,82.4141,860,1608,Aeromonas simiae
18-AD18,GCF_020405345.1,99.0562,1463,1571,Aeromonas dhakensis
18-AD18,GCF_016026875.1,93.9627,1368,1571,Aeromonas hydrophila
18-AD18,GCF_014169735.1,88.8607,1192,1571,Aeromonas caviae
18-AD18,GCF_020423125.1,88.2609,1172,1571,Aeromonas media
18-AD18,GCF_020341435.1,88.11,1182,1571,Aeromonas enteropelogenes
18-AD18,GCF_012931585.1,88.0048,1266,1571,Aeromonas salmonicida
18-AD18,GCF_900637545.1,87.8216,1221,1571,Aeromonas encheleia
18-AD18,GCF_016127195.1,87.7988,1185,1571,Aeromonas jandaei
18-AD18,GCF_016026615.1,87.6365,1168,1571,Aeromonas allosaccharophila
18-AD18,GCF_008693705.1,87.6158,1189,1571,Aeromonas veronii
18-AD18,GCF_020149575.1,84.1088,1075,1571,Aeromonas rivuli
18-AD18,GCF_014892695.1,82.3335,868,1571,Aeromonas simiae
1-AH142,GCF_020405345.1,99.0509,1420,1538,Aeromonas dhakensis
1-AH142,GCF_016026875.1,93.9529,1327,1538,Aeromonas hydrophila
1-AH142,GCF_014169735.1,88.7453,1143,1538,Aeromonas caviae
1-AH142,GCF_020423125.1,88.2621,1148,1538,Aeromonas media
1-AH142,GCF_020341435.1,88.0536,1146,1538,Aeromonas enteropelogenes
1-AH142,GCF_012931585.1,87.9827,1247,1538,Aeromonas salmonicida
1-AH142,GCF_900637545.1,87.8576,1169,1538,Aeromonas encheleia
1-AH142,GCF_016127195.1,87.737,1160,1538,Aeromonas jandaei
1-AH142,GCF_008693705.1,87.5835,1136,1538,Aeromonas veronii
1-AH142,GCF_016026615.1,87.4738,1144,1538,Aeromonas allosaccharophila
1-AH142,GCF_020149575.1,84.0363,1042,1538,Aeromonas rivuli
1-AH142,GCF_014892695.1,82.3251,855,1538,Aeromonas simiae
27-AH123,GCF_008693705.1,96.5847,1326,1459,Aeromonas veronii
27-AH123,GCF_016026615.1,93.9312,1259,1459,Aeromonas allosaccharophila
27-AH123,GCF_016127195.1,90.7856,1238,1459,Aeromonas jandaei
27-AH123,GCF_016026875.1,87.765,1152,1459,Aeromonas hydrophila
27-AH123,GCF_020341435.1,87.6047,1171,1459,Aeromonas enteropelogenes
27-AH123,GCF_020405345.1,87.553,1186,1459,Aeromonas dhakensis
27-AH123,GCF_012931585.1,86.3898,1122,1459,Aeromonas salmonicida
27-AH123,GCF_020423125.1,86.2569,1068,1459,Aeromonas media
27-AH123,GCF_014169735.1,85.9987,1100,1459,Aeromonas caviae
27-AH123,GCF_900637545.1,85.8666,1068,1459,Aeromonas encheleia
27-AH123,GCF_020149575.1,83.1795,947,1459,Aeromonas rivuli
27-AH123,GCF_014892695.1,81.6596,805,1459,Aeromonas simiae
6,GCF_020405345.1,97.2962,1432,1540,Aeromonas dhakensis
6,GCF_016026875.1,93.8319,1408,1540,Aeromonas hydrophila
6,GCF_014169735.1,89.0492,1164,1540,Aeromonas caviae
6,GCF_020423125.1,88.3052,1192,1540,Aeromonas media
6,GCF_020341435.1,88.049,1199,1540,Aeromonas enteropelogenes
6,GCF_012931585.1,88.0419,1280,1540,Aeromonas salmonicida
6,GCF_900637545.1,87.8529,1263,1540,Aeromonas encheleia
6,GCF_016127195.1,87.7307,1211,1540,Aeromonas jandaei
6,GCF_008693705.1,87.5185,1175,1540,Aeromonas veronii
6,GCF_016026615.1,87.5097,1187,1540,Aeromonas allosaccharophila
6,GCF_020149575.1,84.2713,1078,1540,Aeromonas rivuli
6,GCF_014892695.1,82.1377,879,1540,Aeromonas simiae
21-AH42,GCF_020405345.1,99.0178,1461,1593,Aeromonas dhakensis
21-AH42,GCF_016026875.1,93.935,1367,1593,Aeromonas hydrophila
21-AH42,GCF_014169735.1,88.7611,1189,1593,Aeromonas caviae
21-AH42,GCF_020423125.1,88.2817,1175,1593,Aeromonas media
21-AH42,GCF_020341435.1,88.0851,1172,1593,Aeromonas enteropelogenes
21-AH42,GCF_012931585.1,87.9523,1274,1593,Aeromonas salmonicida
21-AH42,GCF_016127195.1,87.7201,1199,1593,Aeromonas jandaei
21-AH42,GCF_900637545.1,87.7101,1229,1593,Aeromonas encheleia
21-AH42,GCF_016026615.1,87.6153,1178,1593,Aeromonas allosaccharophila
21-AH42,GCF_008693705.1,87.5752,1169,1593,Aeromonas veronii
21-AH42,GCF_020149575.1,84.0358,1057,1593,Aeromonas rivuli
21-AH42,GCF_014892695.1,82.3584,857,1593,Aeromonas simiae
13,GCF_008693705.1,96.6218,1262,1418,Aeromonas veronii
13,GCF_016026615.1,94.0596,1237,1418,Aeromonas allosaccharophila
13,GCF_016127195.1,90.7787,1233,1418,Aeromonas jandaei
13,GCF_016026875.1,87.6249,1180,1418,Aeromonas hydrophila
13,GCF_020341435.1,87.594,1146,1418,Aeromonas enteropelogenes
13,GCF_020405345.1,87.5341,1147,1418,Aeromonas dhakensis
13,GCF_012931585.1,86.3958,1096,1418,Aeromonas salmonicida
13,GCF_020423125.1,86.3032,1073,1418,Aeromonas media
13,GCF_014169735.1,86.1729,1062,1418,Aeromonas caviae
13,GCF_900637545.1,85.7681,1094,1418,Aeromonas encheleia
13,GCF_020149575.1,83.1748,970,1418,Aeromonas rivuli
13,GCF_014892695.1,81.5215,797,1418,Aeromonas simiae
12-AH41,GCF_020405345.1,99.0244,1426,1541,Aeromonas dhakensis
12-AH41,GCF_016026875.1,94.0463,1333,1541,Aeromonas hydrophila
12-AH41,GCF_014169735.1,88.9542,1166,1541,Aeromonas caviae
12-AH41,GCF_020423125.1,88.3026,1159,1541,Aeromonas media
12-AH41,GCF_020341435.1,88.1046,1164,1541,Aeromonas enteropelogenes
12-AH41,GCF_012931585.1,88.0571,1239,1541,Aeromonas salmonicida
12-AH41,GCF_016127195.1,87.8601,1165,1541,Aeromonas jandaei
12-AH41,GCF_900637545.1,87.8558,1202,1541,Aeromonas encheleia
12-AH41,GCF_016026615.1,87.7665,1148,1541,Aeromonas allosaccharophila
12-AH41,GCF_008693705.1,87.6403,1153,1541,Aeromonas veronii
12-AH41,GCF_020149575.1,84.1323,1036,1541,Aeromonas rivuli
12-AH41,GCF_014892695.1,82.3939,844,1541,Aeromonas simiae
5-AH157,GCF_020405345.1,99.029,1425,1529,Aeromonas dhakensis
5-AH157,GCF_016026875.1,93.9537,1334,1529,Aeromonas hydrophila
5-AH157,GCF_014169735.1,88.8814,1153,1529,Aeromonas caviae
5-AH157,GCF_020423125.1,88.3089,1159,1529,Aeromonas media
5-AH157,GCF_020341435.1,88.0482,1162,1529,Aeromonas enteropelogenes
5-AH157,GCF_012931585.1,88.0067,1239,1529,Aeromonas salmonicida
5-AH157,GCF_900637545.1,87.8434,1199,1529,Aeromonas encheleia
5-AH157,GCF_016127195.1,87.75,1175,1529,Aeromonas jandaei
5-AH157,GCF_016026615.1,87.707,1133,1529,Aeromonas allosaccharophila
5-AH157,GCF_008693705.1,87.5685,1146,1529,Aeromonas veronii
5-AH157,GCF_020149575.1,84.0715,1048,1529,Aeromonas rivuli
5-AH157,GCF_014892695.1,82.3884,852,1529,Aeromonas simiae
11-AH39,GCF_020405345.1,99.0904,1461,1601,Aeromonas dhakensis
11-AH39,GCF_016026875.1,94.0092,1375,1601,Aeromonas hydrophila
11-AH39,GCF_014169735.1,88.8515,1192,1601,Aeromonas caviae
11-AH39,GCF_020423125.1,88.2247,1174,1601,Aeromonas media
11-AH39,GCF_020341435.1,88.0697,1190,1601,Aeromonas enteropelogenes
11-AH39,GCF_012931585.1,88.0113,1272,1601,Aeromonas salmonicida
11-AH39,GCF_900637545.1,87.8894,1219,1601,Aeromonas encheleia
11-AH39,GCF_016127195.1,87.7803,1188,1601,Aeromonas jandaei
11-AH39,GCF_016026615.1,87.5601,1185,1601,Aeromonas allosaccharophila
11-AH39,GCF_008693705.1,87.5556,1177,1601,Aeromonas veronii
11-AH39,GCF_020149575.1,84.1487,1065,1601,Aeromonas rivuli
11-AH39,GCF_014892695.1,82.4022,870,1601,Aeromonas simiae
35-CXD177,GCF_020405345.1,97.2226,1398,1510,Aeromonas dhakensis
35-CXD177,GCF_016026875.1,93.8829,1361,1510,Aeromonas hydrophila
35-CXD177,GCF_014169735.1,88.8431,1162,1510,Aeromonas caviae
35-CXD177,GCF_020423125.1,88.1847,1160,1510,Aeromonas media
35-CXD177,GCF_012931585.1,87.97,1256,1510,Aeromonas salmonicida
35-CXD177,GCF_020341435.1,87.9166,1170,1510,Aeromonas enteropelogenes
35-CXD177,GCF_900637545.1,87.7766,1217,1510,Aeromonas encheleia
35-CXD177,GCF_016127195.1,87.7041,1183,1510,Aeromonas jandaei
35-CXD177,GCF_008693705.1,87.5086,1149,1510,Aeromonas veronii
35-CXD177,GCF_016026615.1,87.4925,1155,1510,Aeromonas allosaccharophila
35-CXD177,GCF_020149575.1,84.2615,1040,1510,Aeromonas rivuli
35-CXD177,GCF_014892695.1,82.2948,858,1510,Aeromonas simiae
35-AH135,GCF_016026875.1,96.367,1364,1497,Aeromonas hydrophila
35-AH135,GCF_020405345.1,93.8337,1350,1497,Aeromonas dhakensis
35-AH135,GCF_014169735.1,88.7437,1161,1497,Aeromonas caviae
35-AH135,GCF_020423125.1,88.1993,1165,1497,Aeromonas media
35-AH135,GCF_012931585.1,88.1814,1265,1497,Aeromonas salmonicida
35-AH135,GCF_016127195.1,87.9503,1165,1497,Aeromonas jandaei
35-AH135,GCF_900637545.1,87.8579,1178,1497,Aeromonas encheleia
35-AH135,GCF_008693705.1,87.7844,1146,1497,Aeromonas veronii
35-AH135,GCF_016026615.1,87.6634,1166,1497,Aeromonas allosaccharophila
35-AH135,GCF_020341435.1,87.4156,1132,1497,Aeromonas enteropelogenes
35-AH135,GCF_020149575.1,83.9859,1056,1497,Aeromonas rivuli
35-AH135,GCF_014892695.1,82.0403,840,1497,Aeromonas simiae
33-AH133,GCF_020405345.1,97.3507,1414,1493,Aeromonas dhakensis
33-AH133,GCF_016026875.1,93.9482,1341,1493,Aeromonas hydrophila
33-AH133,GCF_014169735.1,88.7983,1169,1493,Aeromonas caviae
33-AH133,GCF_020423125.1,88.3014,1158,1493,Aeromonas media
33-AH133,GCF_020341435.1,88.165,1148,1493,Aeromonas enteropelogenes
33-AH133,GCF_012931585.1,88.0476,1260,1493,Aeromonas salmonicida
33-AH133,GCF_900637545.1,87.8605,1177,1493,Aeromonas encheleia
33-AH133,GCF_016127195.1,87.7798,1152,1493,Aeromonas jandaei
33-AH133,GCF_008693705.1,87.5252,1171,1493,Aeromonas veronii
33-AH133,GCF_016026615.1,87.4354,1162,1493,Aeromonas allosaccharophila
33-AH133,GCF_020149575.1,84.07,1050,1493,Aeromonas rivuli
33-AH133,GCF_014892695.1,82.1657,876,1493,Aeromonas simiae
30-AH130,GCF_008693705.1,96.4558,1312,1511,Aeromonas veronii
30-AH130,GCF_016026615.1,93.7104,1267,1511,Aeromonas allosaccharophila
30-AH130,GCF_016127195.1,90.7826,1270,1511,Aeromonas jandaei
30-AH130,GCF_020405345.1,87.5885,1173,1511,Aeromonas dhakensis
30-AH130,GCF_016026875.1,87.5508,1195,1511,Aeromonas hydrophila
30-AH130,GCF_020341435.1,87.4174,1182,1511,Aeromonas enteropelogenes
30-AH130,GCF_012931585.1,86.4064,1131,1511,Aeromonas salmonicida
30-AH130,GCF_020423125.1,86.0551,1085,1511,Aeromonas media
30-AH130,GCF_014169735.1,86.0437,1060,1511,Aeromonas caviae
30-AH130,GCF_900637545.1,85.6124,1112,1511,Aeromonas encheleia
30-AH130,GCF_020149575.1,83.2001,958,1511,Aeromonas rivuli
30-AH130,GCF_014892695.1,81.5161,807,1511,Aeromonas simiae
18-AERO162,GCF_020405345.1,99.0484,1451,1572,Aeromonas dhakensis
18-AERO162,GCF_016026875.1,93.9396,1359,1572,Aeromonas hydrophila
18-AERO162,GCF_014169735.1,88.6894,1185,1572,Aeromonas caviae
18-AERO162,GCF_020423125.1,88.2063,1187,1572,Aeromonas media
18-AERO162,GCF_020341435.1,88.0106,1167,1572,Aeromonas enteropelogenes
18-AERO162,GCF_012931585.1,87.9448,1264,1572,Aeromonas salmonicida
18-AERO162,GCF_900637545.1,87.835,1195,1572,Aeromonas encheleia
18-AERO162,GCF_016127195.1,87.8022,1185,1572,Aeromonas jandaei
18-AERO162,GCF_016026615.1,87.6548,1158,1572,Aeromonas allosaccharophila
18-AERO162,GCF_008693705.1,87.5986,1181,1572,Aeromonas veronii
18-AERO162,GCF_020149575.1,84.1401,1043,1572,Aeromonas rivuli
18-AERO162,GCF_014892695.1,82.4275,855,1572,Aeromonas simiae
36-AH137,GCF_020405345.1,99.03,1444,1559,Aeromonas dhakensis
36-AH137,GCF_016026875.1,93.9066,1354,1559,Aeromonas hydrophila
36-AH137,GCF_014169735.1,88.8368,1165,1559,Aeromonas caviae
36-AH137,GCF_020423125.1,88.2834,1156,1559,Aeromonas media
36-AH137,GCF_020341435.1,88.1012,1178,1559,Aeromonas enteropelogenes
36-AH137,GCF_012931585.1,87.9752,1260,1559,Aeromonas salmonicida
36-AH137,GCF_900637545.1,87.8105,1215,1559,Aeromonas encheleia
36-AH137,GCF_016127195.1,87.7451,1170,1559,Aeromonas jandaei
36-AH137,GCF_016026615.1,87.6183,1149,1559,Aeromonas allosaccharophila
36-AH137,GCF_008693705.1,87.5225,1180,1559,Aeromonas veronii
36-AH137,GCF_020149575.1,84.0466,1053,1559,Aeromonas rivuli
36-AH137,GCF_014892695.1,82.4115,846,1559,Aeromonas simiae
16,GCF_016026875.1,96.9459,1333,1434,Aeromonas hydrophila
16,GCF_020405345.1,93.8143,1254,1434,Aeromonas dhakensis
16,GCF_014169735.1,88.8973,1102,1434,Aeromonas caviae
16,GCF_012931585.1,88.4717,1168,1434,Aeromonas salmonicida
16,GCF_020423125.1,88.4656,1114,1434,Aeromonas media
16,GCF_900637545.1,88.0624,1144,1434,Aeromonas encheleia
16,GCF_016127195.1,87.8316,1120,1434,Aeromonas jandaei
16,GCF_008693705.1,87.8261,1084,1434,Aeromonas veronii
16,GCF_016026615.1,87.7403,1095,1434,Aeromonas allosaccharophila
16,GCF_020341435.1,87.5716,1095,1434,Aeromonas enteropelogenes
16,GCF_020149575.1,84.2961,1003,1434,Aeromonas rivuli
16,GCF_014892695.1,82.4004,806,1434,Aeromonas simiae
5-AD32,GCF_016026875.1,96.9087,1416,1614,Aeromonas hydrophila
5-AD32,GCF_020405345.1,93.8595,1374,1614,Aeromonas dhakensis
5-AD32,GCF_014169735.1,88.8188,1202,1614,Aeromonas caviae
5-AD32,GCF_020423125.1,88.412,1203,1614,Aeromonas media
5-AD32,GCF_012931585.1,88.3965,1289,1614,Aeromonas salmonicida
5-AD32,GCF_900637545.1,88.0485,1223,1614,Aeromonas encheleia
5-AD32,GCF_016127195.1,87.9657,1193,1614,Aeromonas jandaei
5-AD32,GCF_016026615.1,87.8185,1191,1614,Aeromonas allosaccharophila
5-AD32,GCF_008693705.1,87.7561,1182,1614,Aeromonas veronii
5-AD32,GCF_020341435.1,87.6303,1156,1614,Aeromonas enteropelogenes
5-AD32,GCF_020149575.1,84.2725,1075,1614,Aeromonas rivuli
5-AD32,GCF_014892695.1,82.4002,858,1614,Aeromonas simiae
30-AH129,GCF_020341435.1,97.4403,1329,1402,Aeromonas enteropelogenes
30-AH129,GCF_020405345.1,88.239,1171,1402,Aeromonas dhakensis
30-AH129,GCF_016026875.1,87.7447,1167,1402,Aeromonas hydrophila
30-AH129,GCF_008693705.1,87.6807,1164,1402,Aeromonas veronii
30-AH129,GCF_016026615.1,87.6139,1149,1402,Aeromonas allosaccharophila
30-AH129,GCF_016127195.1,87.3671,1176,1402,Aeromonas jandaei
30-AH129,GCF_014169735.1,86.5908,1045,1402,Aeromonas caviae
30-AH129,GCF_020423125.1,86.4571,1066,1402,Aeromonas media
30-AH129,GCF_900637545.1,86.104,1112,1402,Aeromonas encheleia
30-AH129,GCF_012931585.1,85.8279,1099,1402,Aeromonas salmonicida
30-AH129,GCF_020149575.1,83.5496,977,1402,Aeromonas rivuli
30-AH129,GCF_014892695.1,82.2184,795,1402,Aeromonas simiae
8-AD23,GCF_020405345.1,99.0534,1447,1554,Aeromonas dhakensis
8-AD23,GCF_016026875.1,94.0217,1349,1554,Aeromonas hydrophila
8-AD23,GCF_014169735.1,88.8613,1168,1554,Aeromonas caviae
8-AD23,GCF_020423125.1,88.2754,1166,1554,Aeromonas media
8-AD23,GCF_020341435.1,88.1104,1173,1554,Aeromonas enteropelogenes
8-AD23,GCF_012931585.1,87.9894,1262,1554,Aeromonas salmonicida
8-AD23,GCF_900637545.1,87.8542,1194,1554,Aeromonas encheleia
8-AD23,GCF_016127195.1,87.8406,1175,1554,Aeromonas jandaei
8-AD23,GCF_008693705.1,87.5931,1166,1554,Aeromonas veronii
8-AD23,GCF_016026615.1,87.5773,1167,1554,Aeromonas allosaccharophila
8-AD23,GCF_020149575.1,84.0879,1052,1554,Aeromonas rivuli
8-AD23,GCF_014892695.1,82.5345,856,1554,Aeromonas simiae
AD02,GCF_020405345.1,99.0459,1437,1542,Aeromonas dhakensis
AD02,GCF_016026875.1,94.0141,1336,1542,Aeromonas hydrophila
AD02,GCF_014169735.1,88.882,1151,1542,Aeromonas caviae
AD02,GCF_020423125.1,88.2137,1154,1542,Aeromonas media
AD02,GCF_020341435.1,88.1715,1162,1542,Aeromonas enteropelogenes
AD02,GCF_012931585.1,87.9944,1254,1542,Aeromonas salmonicida
AD02,GCF_900637545.1,87.8296,1189,1542,Aeromonas encheleia
AD02,GCF_016127195.1,87.7652,1173,1542,Aeromonas jandaei
AD02,GCF_016026615.1,87.6347,1156,1542,Aeromonas allosaccharophila
AD02,GCF_008693705.1,87.5506,1154,1542,Aeromonas veronii
AD02,GCF_020149575.1,84.1619,1031,1542,Aeromonas rivuli
AD02,GCF_014892695.1,82.4848,852,1542,Aeromonas simiae
22,GCF_020405345.1,97.3574,1444,1518,Aeromonas dhakensis
22,GCF_016026875.1,93.926,1385,1518,Aeromonas hydrophila
22,GCF_014169735.1,88.8618,1188,1518,Aeromonas caviae
22,GCF_020423125.1,88.1899,1194,1518,Aeromonas media
22,GCF_012931585.1,88.0421,1289,1518,Aeromonas salmonicida
22,GCF_020341435.1,88.0273,1171,1518,Aeromonas enteropelogenes
22,GCF_900637545.1,87.8064,1221,1518,Aeromonas encheleia
22,GCF_016127195.1,87.6531,1194,1518,Aeromonas jandaei
22,GCF_016026615.1,87.5093,1178,1518,Aeromonas allosaccharophila
22,GCF_008693705.1,87.4578,1185,1518,Aeromonas veronii
22,GCF_020149575.1,84.1875,1076,1518,Aeromonas rivuli
22,GCF_014892695.1,82.4204,876,1518,Aeromonas simiae
25-AH121,GCF_012931585.1,97.2113,1349,1485,Aeromonas salmonicida
25-AH121,GCF_016026875.1,88.3783,1270,1485,Aeromonas hydrophila
25-AH121,GCF_020405345.1,88.0516,1272,1485,Aeromonas dhakensis
25-AH121,GCF_020423125.1,87.0999,1161,1485,Aeromonas media
25-AH121,GCF_900637545.1,87.0954,1168,1485,Aeromonas encheleia
25-AH121,GCF_016026615.1,86.4816,1134,1485,Aeromonas allosaccharophila
25-AH121,GCF_008693705.1,86.3246,1110,1485,Aeromonas veronii
25-AH121,GCF_014169735.1,86.1406,1140,1485,Aeromonas caviae
25-AH121,GCF_020341435.1,85.7954,1088,1485,Aeromonas enteropelogenes
25-AH121,GCF_016127195.1,85.6929,1125,1485,Aeromonas jandaei
25-AH121,GCF_020149575.1,83.81,1029,1485,Aeromonas rivuli
25-AH121,GCF_014892695.1,80.9218,786,1485,Aeromonas simiae
4-AH04,GCF_016026875.1,96.9072,1420,1611,Aeromonas hydrophila
4-AH04,GCF_020405345.1,93.8744,1377,1611,Aeromonas dhakensis
4-AH04,GCF_014169735.1,88.749,1207,1611,Aeromonas caviae
4-AH04,GCF_012931585.1,88.4434,1286,1611,Aeromonas salmonicida
4-AH04,GCF_020423125.1,88.3646,1201,1611,Aeromonas media
4-AH04,GCF_016127195.1,87.9659,1196,1611,Aeromonas jandaei
4-AH04,GCF_900637545.1,87.935,1231,1611,Aeromonas encheleia
4-AH04,GCF_016026615.1,87.831,1167,1611,Aeromonas allosaccharophila
4-AH04,GCF_008693705.1,87.7068,1180,1611,Aeromonas veronii
4-AH04,GCF_020341435.1,87.6023,1156,1611,Aeromonas enteropelogenes
4-AH04,GCF_020149575.1,84.2102,1072,1611,Aeromonas rivuli
4-AH04,GCF_014892695.1,82.432,846,1611,Aeromonas simiae
7-AD16,GCF_020405345.1,99.0436,1461,1586,Aeromonas dhakensis
7-AD16,GCF_016026875.1,93.9968,1361,1586,Aeromonas hydrophila
7-AD16,GCF_014169735.1,88.7952,1191,1586,Aeromonas caviae
7-AD16,GCF_020423125.1,88.3665,1181,1586,Aeromonas media
7-AD16,GCF_012931585.1,88.0504,1267,1586,Aeromonas salmonicida
7-AD16,GCF_020341435.1,88.0486,1183,1586,Aeromonas enteropelogenes
7-AD16,GCF_900637545.1,87.8603,1219,1586,Aeromonas encheleia
7-AD16,GCF_016127195.1,87.8545,1189,1586,Aeromonas jandaei
7-AD16,GCF_016026615.1,87.74,1182,1586,Aeromonas allosaccharophila
7-AD16,GCF_008693705.1,87.6514,1169,1586,Aeromonas veronii
7-AD16,GCF_020149575.1,84.1286,1067,1586,Aeromonas rivuli
7-AD16,GCF_014892695.1,82.4958,876,1586,Aeromonas simiae
6-AH35,GCF_008693705.1,97.5708,1382,1622,Aeromonas veronii
6-AH35,GCF_016026615.1,93.9312,1289,1622,Aeromonas allosaccharophila
6-AH35,GCF_016127195.1,90.797,1251,1622,Aeromonas jandaei
6-AH35,GCF_016026875.1,87.817,1179,1622,Aeromonas hydrophila
6-AH35,GCF_020341435.1,87.5512,1189,1622,Aeromonas enteropelogenes
6-AH35,GCF_020405345.1,87.5461,1177,1622,Aeromonas dhakensis
6-AH35,GCF_012931585.1,86.2974,1141,1622,Aeromonas salmonicida
6-AH35,GCF_014169735.1,86.1361,1085,1622,Aeromonas caviae
6-AH35,GCF_020423125.1,86.0794,1093,1622,Aeromonas media
6-AH35,GCF_900637545.1,85.7877,1094,1622,Aeromonas encheleia
6-AH35,GCF_020149575.1,83.305,943,1622,Aeromonas rivuli
6-AH35,GCF_014892695.1,81.6206,820,1622,Aeromonas simiae
10,GCF_020405345.1,97.2559,1452,1530,Aeromonas dhakensis
10,GCF_016026875.1,93.9642,1380,1530,Aeromonas hydrophila
10,GCF_014169735.1,89.1238,1174,1530,Aeromonas caviae
10,GCF_020423125.1,88.287,1195,1530,Aeromonas media
10,GCF_020341435.1,88.2358,1169,1530,Aeromonas enteropelogenes
10,GCF_012931585.1,88.0764,1283,1530,Aeromonas salmonicida
10,GCF_900637545.1,88.0579,1212,1530,Aeromonas encheleia
10,GCF_016127195.1,87.7353,1187,1530,Aeromonas jandaei
10,GCF_008693705.1,87.5003,1179,1530,Aeromonas veronii
10,GCF_016026615.1,87.4845,1164,1530,Aeromonas allosaccharophila
10,GCF_020149575.1,84.3426,1068,1530,Aeromonas rivuli
10,GCF_014892695.1,82.3396,855,1530,Aeromonas simiae
40-AH140,GCF_016026875.1,96.9048,1410,1604,Aeromonas hydrophila
40-AH140,GCF_020405345.1,93.8868,1362,1604,Aeromonas dhakensis
40-AH140,GCF_014169735.1,88.818,1195,1604,Aeromonas caviae
40-AH140,GCF_012931585.1,88.4188,1265,1604,Aeromonas salmonicida
40-AH140,GCF_020423125.1,88.3336,1194,1604,Aeromonas media
40-AH140,GCF_016127195.1,87.9852,1169,1604,Aeromonas jandaei
40-AH140,GCF_900637545.1,87.9831,1218,1604,Aeromonas encheleia
40-AH140,GCF_016026615.1,87.8115,1181,1604,Aeromonas allosaccharophila
40-AH140,GCF_008693705.1,87.6834,1175,1604,Aeromonas veronii
40-AH140,GCF_020341435.1,87.5989,1150,1604,Aeromonas enteropelogenes
40-AH140,GCF_020149575.1,84.2205,1081,1604,Aeromonas rivuli
40-AH140,GCF_014892695.1,82.4153,850,1604,Aeromonas simiae
4-AD25,GCF_020405345.1,99.0529,1439,1532,Aeromonas dhakensis
4-AD25,GCF_016026875.1,93.9627,1344,1532,Aeromonas hydrophila
4-AD25,GCF_014169735.1,88.8156,1161,1532,Aeromonas caviae
4-AD25,GCF_020423125.1,88.2931,1155,1532,Aeromonas media
4-AD25,GCF_020341435.1,88.0967,1160,1532,Aeromonas enteropelogenes
4-AD25,GCF_012931585.1,88.0277,1236,1532,Aeromonas salmonicida
4-AD25,GCF_900637545.1,87.8558,1200,1532,Aeromonas encheleia
4-AD25,GCF_016127195.1,87.8426,1168,1532,Aeromonas jandaei
4-AD25,GCF_008693705.1,87.607,1168,1532,Aeromonas veronii
4-AD25,GCF_016026615.1,87.5876,1147,1532,Aeromonas allosaccharophila
4-AD25,GCF_020149575.1,83.9918,1064,1532,Aeromonas rivuli
4-AD25,GCF_014892695.1,82.4469,850,1532,Aeromonas simiae
9-AD11,GCF_020405345.1,97.2989,1417,1487,Aeromonas dhakensis
9-AD11,GCF_016026875.1,93.9494,1361,1487,Aeromonas hydrophila
9-AD11,GCF_014169735.1,88.8343,1177,1487,Aeromonas caviae
9-AD11,GCF_020423125.1,88.3196,1162,1487,Aeromonas media
9-AD11,GCF_020341435.1,88.1319,1163,1487,Aeromonas enteropelogenes
9-AD11,GCF_900637545.1,87.997,1185,1487,Aeromonas encheleia
9-AD11,GCF_012931585.1,87.965,1279,1487,Aeromonas salmonicida
9-AD11,GCF_016127195.1,87.7388,1168,1487,Aeromonas jandaei
9-AD11,GCF_016026615.1,87.5928,1168,1487,Aeromonas allosaccharophila
9-AD11,GCF_008693705.1,87.4831,1160,1487,Aeromonas veronii
9-AD11,GCF_020149575.1,84.1584,1057,1487,Aeromonas rivuli
9-AD11,GCF_014892695.1,82.2954,849,1487,Aeromonas simiae
15,GCF_020405345.1,97.2557,1435,1537,Aeromonas dhakensis
15,GCF_016026875.1,93.9744,1370,1537,Aeromonas hydrophila
15,GCF_014169735.1,88.9425,1163,1537,Aeromonas caviae
15,GCF_020423125.1,88.2462,1197,1537,Aeromonas media
15,GCF_020341435.1,88.1836,1182,1537,Aeromonas enteropelogenes
15,GCF_012931585.1,87.9784,1310,1537,Aeromonas salmonicida
15,GCF_900637545.1,87.8896,1230,1537,Aeromonas encheleia
15,GCF_016127195.1,87.7112,1202,1537,Aeromonas jandaei
15,GCF_016026615.1,87.51,1164,1537,Aeromonas allosaccharophila
15,GCF_008693705.1,87.476,1174,1537,Aeromonas veronii
15,GCF_020149575.1,84.2517,1055,1537,Aeromonas rivuli
15,GCF_014892695.1,82.2953,870,1537,Aeromonas simiae
9,GCF_020405345.1,97.4046,1451,1560,Aeromonas dhakensis
9,GCF_016026875.1,93.8724,1394,1560,Aeromonas hydrophila
9,GCF_014169735.1,88.9985,1188,1560,Aeromonas caviae
9,GCF_020423125.1,88.3329,1195,1560,Aeromonas media
9,GCF_020341435.1,88.2018,1180,1560,Aeromonas enteropelogenes
9,GCF_012931585.1,88.0578,1302,1560,Aeromonas salmonicida
9,GCF_900637545.1,87.9346,1233,1560,Aeromonas encheleia
9,GCF_016127195.1,87.7399,1205,1560,Aeromonas jandaei
9,GCF_016026615.1,87.6057,1179,1560,Aeromonas allosaccharophila
9,GCF_008693705.1,87.417,1179,1560,Aeromonas veronii
9,GCF_020149575.1,84.2745,1067,1560,Aeromonas rivuli
9,GCF_014892695.1,82.357,862,1560,Aeromonas simiae
23-AERO185,GCF_020405345.1,99.0175,1455,1570,Aeromonas dhakensis
23-AERO185,GCF_016026875.1,93.9201,1366,1570,Aeromonas hydrophila
23-AERO185,GCF_014169735.1,88.8193,1179,1570,Aeromonas caviae
23-AERO185,GCF_020423125.1,88.203,1172,1570,Aeromonas media
23-AERO185,GCF_020341435.1,88.1235,1164,1570,Aeromonas enteropelogenes
23-AERO185,GCF_012931585.1,87.9669,1262,1570,Aeromonas salmonicida
23-AERO185,GCF_900637545.1,87.8006,1219,1570,Aeromonas encheleia
23-AERO185,GCF_016127195.1,87.6748,1192,1570,Aeromonas jandaei
23-AERO185,GCF_008693705.1,87.5957,1161,1570,Aeromonas veronii
23-AERO185,GCF_016026615.1,87.5679,1159,1570,Aeromonas allosaccharophila
23-AERO185,GCF_020149575.1,84.0518,1073,1570,Aeromonas rivuli
23-AERO185,GCF_014892695.1,82.3989,853,1570,Aeromonas simiae
13-AH161,GCF_016026875.1,96.8967,1388,1471,Aeromonas hydrophila
13-AH161,GCF_020405345.1,93.9368,1343,1471,Aeromonas dhakensis
13-AH161,GCF_014169735.1,88.8172,1170,1471,Aeromonas caviae
13-AH161,GCF_020423125.1,88.3622,1176,1471,Aeromonas media
13-AH161,GCF_012931585.1,88.3322,1244,1471,Aeromonas salmonicida
13-AH161,GCF_900637545.1,88.1039,1186,1471,Aeromonas encheleia
13-AH161,GCF_016127195.1,87.9397,1161,1471,Aeromonas jandaei
13-AH161,GCF_016026615.1,87.8988,1143,1471,Aeromonas allosaccharophila
13-AH161,GCF_008693705.1,87.8261,1137,1471,Aeromonas veronii
13-AH161,GCF_020341435.1,87.6725,1138,1471,Aeromonas enteropelogenes
13-AH161,GCF_020149575.1,84.2161,1042,1471,Aeromonas rivuli
13-AH161,GCF_014892695.1,82.1436,842,1471,Aeromonas simiae
10-AD26,GCF_016026875.1,96.8964,1402,1592,Aeromonas hydrophila
10-AD26,GCF_020405345.1,93.8672,1355,1592,Aeromonas dhakensis
10-AD26,GCF_014169735.1,88.8502,1172,1592,Aeromonas caviae
10-AD26,GCF_012931585.1,88.4617,1263,1592,Aeromonas salmonicida
10-AD26,GCF_020423125.1,88.384,1192,1592,Aeromonas media
10-AD26,GCF_016127195.1,88.0002,1171,1592,Aeromonas jandaei
10-AD26,GCF_900637545.1,87.9633,1213,1592,Aeromonas encheleia
10-AD26,GCF_016026615.1,87.7849,1177,1592,Aeromonas allosaccharophila
10-AD26,GCF_008693705.1,87.7462,1164,1592,Aeromonas veronii
10-AD26,GCF_020341435.1,87.6202,1132,1592,Aeromonas enteropelogenes
10-AD26,GCF_020149575.1,84.2609,1069,1592,Aeromonas rivuli
10-AD26,GCF_014892695.1,82.356,858,1592,Aeromonas simiae
22-AERO173,GCF_016026875.1,96.9249,1408,1600,Aeromonas hydrophila
22-AERO173,GCF_020405345.1,93.8493,1367,1600,Aeromonas dhakensis
22-AERO173,GCF_014169735.1,88.8086,1192,1600,Aeromonas caviae
22-AERO173,GCF_012931585.1,88.3938,1278,1600,Aeromonas salmonicida
22-AERO173,GCF_020423125.1,88.3759,1196,1600,Aeromonas media
22-AERO173,GCF_900637545.1,88.0677,1214,1600,Aeromonas encheleia
22-AERO173,GCF_016127195.1,88.0167,1178,1600,Aeromonas jandaei
22-AERO173,GCF_016026615.1,87.9122,1182,1600,Aeromonas allosaccharophila
22-AERO173,GCF_008693705.1,87.746,1168,1600,Aeromonas veronii
22-AERO173,GCF_020341435.1,87.5986,1142,1600,Aeromonas enteropelogenes
22-AERO173,GCF_020149575.1,84.2719,1068,1600,Aeromonas rivuli
22-AERO173,GCF_014892695.1,82.4049,855,1600,Aeromonas simiae
14-AERO150,GCF_020405345.1,99.0719,1449,1560,Aeromonas dhakensis
14-AERO150,GCF_016026875.1,93.9983,1357,1560,Aeromonas hydrophila
14-AERO150,GCF_014169735.1,88.7517,1173,1560,Aeromonas caviae
14-AERO150,GCF_020423125.1,88.1958,1178,1560,Aeromonas media
14-AERO150,GCF_020341435.1,88.1021,1170,1560,Aeromonas enteropelogenes
14-AERO150,GCF_012931585.1,87.9961,1268,1560,Aeromonas salmonicida
14-AERO150,GCF_900637545.1,87.8232,1206,1560,Aeromonas encheleia
14-AERO150,GCF_016127195.1,87.7488,1190,1560,Aeromonas jandaei
14-AERO150,GCF_008693705.1,87.6102,1172,1560,Aeromonas veronii
14-AERO150,GCF_016026615.1,87.5296,1165,1560,Aeromonas allosaccharophila
14-AERO150,GCF_020149575.1,84.0466,1050,1560,Aeromonas rivuli
14-AERO150,GCF_014892695.1,82.3613,858,1560,Aeromonas simiae
5-AH05,GCF_016026875.1,96.9292,1406,1601,Aeromonas hydrophila
5-AH05,GCF_020405345.1,93.882,1361,1601,Aeromonas dhakensis
5-AH05,GCF_014169735.1,88.8607,1176,1601,Aeromonas caviae
5-AH05,GCF_012931585.1,88.4147,1264,1601,Aeromonas salmonicida
5-AH05,GCF_020423125.1,88.376,1197,1601,Aeromonas media
5-AH05,GCF_900637545.1,87.9978,1220,1601,Aeromonas encheleia
5-AH05,GCF_016127195.1,87.95,1185,1601,Aeromonas jandaei
5-AH05,GCF_016026615.1,87.8047,1178,1601,Aeromonas allosaccharophila
5-AH05,GCF_008693705.1,87.7346,1169,1601,Aeromonas veronii
5-AH05,GCF_020341435.1,87.5818,1144,1601,Aeromonas enteropelogenes
5-AH05,GCF_020149575.1,84.1567,1083,1601,Aeromonas rivuli
5-AH05,GCF_014892695.1,82.2881,869,1601,Aeromonas simiae
12-AH160,GCF_014169735.1,97.9121,1297,1386,Aeromonas caviae
12-AH160,GCF_020423125.1,89.8968,1225,1386,Aeromonas media
12-AH160,GCF_020405345.1,88.9258,1160,1386,Aeromonas dhakensis
12-AH160,GCF_016026875.1,88.809,1186,1386,Aeromonas hydrophila
12-AH160,GCF_900637545.1,87.9052,1183,1386,Aeromonas encheleia
12-AH160,GCF_020341435.1,86.418,1060,1386,Aeromonas enteropelogenes
12-AH160,GCF_008693705.1,86.1757,1047,1386,Aeromonas veronii
12-AH160,GCF_016026615.1,86.1632,1040,1386,Aeromonas allosaccharophila
12-AH160,GCF_012931585.1,86.1182,1130,1386,Aeromonas salmonicida
12-AH160,GCF_016127195.1,85.9624,1033,1386,Aeromonas jandaei
12-AH160,GCF_020149575.1,84.1443,1061,1386,Aeromonas rivuli
12-AH160,GCF_014892695.1,82.0088,845,1386,Aeromonas simiae
37-CXD179,GCF_008693705.1,96.5824,1319,1502,Aeromonas veronii
37-CXD179,GCF_016026615.1,93.8656,1252,1502,Aeromonas allosaccharophila
37-CXD179,GCF_016127195.1,90.8205,1242,1502,Aeromonas jandaei
37-CXD179,GCF_016026875.1,87.842,1143,1502,Aeromonas hydrophila
37-CXD179,GCF_020405345.1,87.5521,1168,1502,Aeromonas dhakensis
37-CXD179,GCF_020341435.1,87.5458,1160,1502,Aeromonas enteropelogenes
37-CXD179,GCF_012931585.1,86.2719,1137,1502,Aeromonas salmonicida
37-CXD179,GCF_020423125.1,86.2464,1077,1502,Aeromonas media
37-CXD179,GCF_014169735.1,86.0361,1079,1502,Aeromonas caviae
37-CXD179,GCF_900637545.1,85.7782,1062,1502,Aeromonas encheleia
37-CXD179,GCF_020149575.1,83.1317,955,1502,Aeromonas rivuli
37-CXD179,GCF_014892695.1,81.5311,822,1502,Aeromonas simiae
9-AH36,GCF_020405345.1,99.0436,1463,1603,Aeromonas dhakensis
9-AH36,GCF_016026875.1,93.9659,1361,1603,Aeromonas hydrophila
9-AH36,GCF_014169735.1,88.7991,1199,1603,Aeromonas caviae
9-AH36,GCF_020423125.1,88.2731,1181,1603,Aeromonas media
9-AH36,GCF_012931585.1,88.0377,1278,1603,Aeromonas salmonicida
9-AH36,GCF_020341435.1,87.974,1190,1603,Aeromonas enteropelogenes
9-AH36,GCF_900637545.1,87.8471,1217,1603,Aeromonas encheleia
9-AH36,GCF_016127195.1,87.7504,1191,1603,Aeromonas jandaei
9-AH36,GCF_016026615.1,87.6133,1188,1603,Aeromonas allosaccharophila
9-AH36,GCF_008693705.1,87.5978,1185,1603,Aeromonas veronii
9-AH36,GCF_020149575.1,83.9966,1066,1603,Aeromonas rivuli
9-AH36,GCF_014892695.1,82.2578,864,1603,Aeromonas simiae
21-CXD172,GCF_020405345.1,97.2467,1404,1494,Aeromonas dhakensis
21-CXD172,GCF_016026875.1,93.9663,1350,1494,Aeromonas hydrophila
21-CXD172,GCF_014169735.1,88.8756,1153,1494,Aeromonas caviae
21-CXD172,GCF_020423125.1,88.2111,1172,1494,Aeromonas media
21-CXD172,GCF_020341435.1,88.0714,1150,1494,Aeromonas enteropelogenes
21-CXD172,GCF_012931585.1,87.9302,1285,1494,Aeromonas salmonicida
21-CXD172,GCF_900637545.1,87.8738,1187,1494,Aeromonas encheleia
21-CXD172,GCF_016127195.1,87.7833,1164,1494,Aeromonas jandaei
21-CXD172,GCF_016026615.1,87.4774,1155,1494,Aeromonas allosaccharophila
21-CXD172,GCF_008693705.1,87.4296,1155,1494,Aeromonas veronii
21-CXD172,GCF_020149575.1,84.2258,1037,1494,Aeromonas rivuli
21-CXD172,GCF_014892695.1,82.4482,830,1494,Aeromonas simiae
19-AERO170,GCF_020405345.1,99.0644,1440,1557,Aeromonas dhakensis
19-AERO170,GCF_016026875.1,93.957,1352,1557,Aeromonas hydrophila
19-AERO170,GCF_014169735.1,88.7388,1177,1557,Aeromonas caviae
19-AERO170,GCF_020423125.1,88.2644,1157,1557,Aeromonas media
19-AERO170,GCF_020341435.1,88.1105,1167,1557,Aeromonas enteropelogenes
19-AERO170,GCF_012931585.1,87.8825,1272,1557,Aeromonas salmonicida
19-AERO170,GCF_900637545.1,87.8435,1199,1557,Aeromonas encheleia
19-AERO170,GCF_016127195.1,87.7455,1157,1557,Aeromonas jandaei
19-AERO170,GCF_016026615.1,87.5982,1156,1557,Aeromonas allosaccharophila
19-AERO170,GCF_008693705.1,87.4864,1175,1557,Aeromonas veronii
19-AERO170,GCF_020149575.1,84.0453,1053,1557,Aeromonas rivuli
19-AERO170,GCF_014892695.1,82.4943,857,1557,Aeromonas simiae
28-AH127,GCF_020341435.1,97.4905,1326,1448,Aeromonas enteropelogenes
28-AH127,GCF_020405345.1,88.1674,1169,1448,Aeromonas dhakensis
28-AH127,GCF_016026875.1,87.6036,1165,1448,Aeromonas hydrophila
28-AH127,GCF_016026615.1,87.5594,1163,1448,Aeromonas allosaccharophila
28-AH127,GCF_008693705.1,87.549,1156,1448,Aeromonas veronii
28-AH127,GCF_016127195.1,87.3093,1178,1448,Aeromonas jandaei
28-AH127,GCF_014169735.1,86.6067,1057,1448,Aeromonas caviae
28-AH127,GCF_020423125.1,86.3666,1081,1448,Aeromonas media
28-AH127,GCF_900637545.1,86.1086,1105,1448,Aeromonas encheleia
28-AH127,GCF_012931585.1,85.8443,1082,1448,Aeromonas salmonicida
28-AH127,GCF_020149575.1,83.554,986,1448,Aeromonas rivuli
28-AH127,GCF_014892695.1,82.1822,831,1448,Aeromonas simiae
9-AD29,GCF_020405345.1,99.0366,1458,1563,Aeromonas dhakensis
9-AD29,GCF_016026875.1,94.0072,1356,1563,Aeromonas hydrophila
9-AD29,GCF_014169735.1,88.8231,1180,1563,Aeromonas caviae
9-AD29,GCF_020423125.1,88.1492,1197,1563,Aeromonas media
9-AD29,GCF_020341435.1,88.0793,1191,1563,Aeromonas enteropelogenes
9-AD29,GCF_012931585.1,88.0222,1270,1563,Aeromonas salmonicida
9-AD29,GCF_900637545.1,87.7818,1214,1563,Aeromonas encheleia
9-AD29,GCF_016127195.1,87.7045,1199,1563,Aeromonas jandaei
9-AD29,GCF_016026615.1,87.4991,1182,1563,Aeromonas allosaccharophila
9-AD29,GCF_008693705.1,87.4916,1204,1563,Aeromonas veronii
9-AD29,GCF_020149575.1,84.1437,1075,1563,Aeromonas rivuli
9-AD29,GCF_014892695.1,82.5144,861,1563,Aeromonas simiae
13-AERO149,GCF_020405345.1,99.003,1441,1545,Aeromonas dhakensis
13-AERO149,GCF_016026875.1,93.9453,1348,1545,Aeromonas hydrophila
13-AERO149,GCF_014169735.1,88.7718,1168,1545,Aeromonas caviae
13-AERO149,GCF_020423125.1,88.2099,1156,1545,Aeromonas media
13-AERO149,GCF_020341435.1,88.074,1158,1545,Aeromonas enteropelogenes
13-AERO149,GCF_012931585.1,87.9092,1257,1545,Aeromonas salmonicida
13-AERO149,GCF_900637545.1,87.792,1197,1545,Aeromonas encheleia
13-AERO149,GCF_016127195.1,87.6876,1170,1545,Aeromonas jandaei
13-AERO149,GCF_016026615.1,87.6245,1146,1545,Aeromonas allosaccharophila
13-AERO149,GCF_008693705.1,87.5602,1144,1545,Aeromonas veronii
13-AERO149,GCF_020149575.1,83.9576,1039,1545,Aeromonas rivuli
13-AERO149,GCF_014892695.1,82.3175,846,1545,Aeromonas simiae
2-AH144,GCF_020405345.1,99.0561,1455,1558,Aeromonas dhakensis
2-AH144,GCF_016026875.1,93.9693,1368,1558,Aeromonas hydrophila
2-AH144,GCF_014169735.1,88.8184,1175,1558,Aeromonas caviae
2-AH144,GCF_020423125.1,88.2752,1175,1558,Aeromonas media
2-AH144,GCF_020341435.1,88.0389,1180,1558,Aeromonas enteropelogenes
2-AH144,GCF_012931585.1,87.9821,1262,1558,Aeromonas salmonicida
2-AH144,GCF_900637545.1,87.8089,1205,1558,Aeromonas encheleia
2-AH144,GCF_016127195.1,87.5974,1193,1558,Aeromonas jandaei
2-AH144,GCF_016026615.1,87.5909,1143,1558,Aeromonas allosaccharophila
2-AH144,GCF_008693705.1,87.5749,1183,1558,Aeromonas veronii
2-AH144,GCF_020149575.1,84.0938,1063,1558,Aeromonas rivuli
2-AH144,GCF_014892695.1,82.4966,856,1558,Aeromonas simiae
32-CXD174,GCF_008693705.1,96.6347,1289,1425,Aeromonas veronii
32-CXD174,GCF_016026615.1,93.9036,1250,1425,Aeromonas allosaccharophila
32-CXD174,GCF_016127195.1,90.6838,1235,1425,Aeromonas jandaei
32-CXD174,GCF_016026875.1,87.722,1146,1425,Aeromonas hydrophila
32-CXD174,GCF_020341435.1,87.5167,1144,1425,Aeromonas enteropelogenes
32-CXD174,GCF_020405345.1,87.4829,1164,1425,Aeromonas dhakensis
32-CXD174,GCF_012931585.1,86.3463,1119,1425,Aeromonas salmonicida
32-CXD174,GCF_020423125.1,86.2507,1049,1425,Aeromonas media
32-CXD174,GCF_014169735.1,86.0353,1059,1425,Aeromonas caviae
32-CXD174,GCF_900637545.1,85.749,1067,1425,Aeromonas encheleia
32-CXD174,GCF_020149575.1,83.1794,937,1425,Aeromonas rivuli
32-CXD174,GCF_014892695.1,81.2821,802,1425,Aeromonas simiae
18,GCF_020405345.1,97.3533,1448,1534,Aeromonas dhakensis
18,GCF_016026875.1,93.9563,1377,1534,Aeromonas hydrophila
18,GCF_014169735.1,88.9243,1190,1534,Aeromonas caviae
18,GCF_020423125.1,88.3283,1190,1534,Aeromonas media
18,GCF_020341435.1,88.1049,1180,1534,Aeromonas enteropelogenes
18,GCF_012931585.1,88.0411,1303,1534,Aeromonas salmonicida
18,GCF_900637545.1,88.0163,1208,1534,Aeromonas encheleia
18,GCF_016127195.1,87.7559,1197,1534,Aeromonas jandaei
18,GCF_008693705.1,87.551,1164,1534,Aeromonas veronii
18,GCF_016026615.1,87.5379,1156,1534,Aeromonas allosaccharophila
18,GCF_020149575.1,84.3121,1060,1534,Aeromonas rivuli
18,GCF_014892695.1,82.4451,860,1534,Aeromonas simiae
25,GCF_020405345.1,97.4266,1371,1447,Aeromonas dhakensis
25,GCF_016026875.1,93.9698,1333,1447,Aeromonas hydrophila
25,GCF_014169735.1,88.981,1148,1447,Aeromonas caviae
25,GCF_020423125.1,88.3532,1151,1447,Aeromonas media
25,GCF_012931585.1,88.1234,1239,1447,Aeromonas salmonicida
25,GCF_020341435.1,88.1138,1142,1447,Aeromonas enteropelogenes
25,GCF_900637545.1,87.9281,1184,1447,Aeromonas encheleia
25,GCF_016127195.1,87.7505,1137,1447,Aeromonas jandaei
25,GCF_016026615.1,87.5539,1136,1447,Aeromonas allosaccharophila
25,GCF_008693705.1,87.5297,1139,1447,Aeromonas veronii
25,GCF_020149575.1,84.2345,1045,1447,Aeromonas rivuli
25,GCF_014892695.1,82.267,841,1447,Aeromonas simiae
32-AD24,GCF_020405345.1,99.0249,1454,1549,Aeromonas dhakensis
32-AD24,GCF_016026875.1,93.9518,1354,1549,Aeromonas hydrophila
32-AD24,GCF_014169735.1,88.7967,1177,1549,Aeromonas caviae
32-AD24,GCF_020423125.1,88.2488,1169,1549,Aeromonas media
32-AD24,GCF_020341435.1,88.0642,1166,1549,Aeromonas enteropelogenes
32-AD24,GCF_012931585.1,87.9263,1258,1549,Aeromonas salmonicida
32-AD24,GCF_900637545.1,87.8211,1203,1549,Aeromonas encheleia
32-AD24,GCF_016127195.1,87.7959,1175,1549,Aeromonas jandaei
32-AD24,GCF_016026615.1,87.6215,1160,1549,Aeromonas allosaccharophila
32-AD24,GCF_008693705.1,87.5832,1179,1549,Aeromonas veronii
32-AD24,GCF_020149575.1,84.0911,1057,1549,Aeromonas rivuli
32-AD24,GCF_014892695.1,82.3734,865,1549,Aeromonas simiae
4,GCF_020405345.1,97.1727,1419,1566,Aeromonas dhakensis
4,GCF_016026875.1,93.7945,1400,1566,Aeromonas hydrophila
4,GCF_014169735.1,88.9229,1168,1566,Aeromonas caviae
4,GCF_020423125.1,88.3354,1189,1566,Aeromonas media
4,GCF_012931585.1,88.1026,1271,1566,Aeromonas salmonicida
4,GCF_020341435.1,87.9589,1171,1566,Aeromonas enteropelogenes
4,GCF_900637545.1,87.7213,1251,1566,Aeromonas encheleia
4,GCF_016127195.1,87.7136,1203,1566,Aeromonas jandaei
4,GCF_008693705.1,87.5896,1158,1566,Aeromonas veronii
4,GCF_016026615.1,87.5402,1183,1566,Aeromonas allosaccharophila
4,GCF_020149575.1,84.3031,1045,1566,Aeromonas rivuli
4,GCF_014892695.1,82.3021,867,1566,Aeromonas simiae
15-AERO153,GCF_020405345.1,99.0468,1453,1562,Aeromonas dhakensis
15-AERO153,GCF_016026875.1,94.015,1347,1562,Aeromonas hydrophila
15-AERO153,GCF_014169735.1,88.8447,1173,1562,Aeromonas caviae
15-AERO153,GCF_020423125.1,88.2089,1187,1562,Aeromonas media
15-AERO153,GCF_020341435.1,88.1807,1173,1562,Aeromonas enteropelogenes
15-AERO153,GCF_012931585.1,88.0575,1270,1562,Aeromonas salmonicida
15-AERO153,GCF_900637545.1,87.8901,1198,1562,Aeromonas encheleia
15-AERO153,GCF_016127195.1,87.7979,1191,1562,Aeromonas jandaei
15-AERO153,GCF_016026615.1,87.6181,1187,1562,Aeromonas allosaccharophila
15-AERO153,GCF_008693705.1,87.5761,1169,1562,Aeromonas veronii
15-AERO153,GCF_020149575.1,84.1638,1048,1562,Aeromonas rivuli
15-AERO153,GCF_014892695.1,82.5075,874,1562,Aeromonas simiae
20-AH38,GCF_020405345.1,99.0565,1468,1598,Aeromonas dhakensis
20-AH38,GCF_016026875.1,93.9937,1367,1598,Aeromonas hydrophila
20-AH38,GCF_014169735.1,88.7537,1194,1598,Aeromonas caviae
20-AH38,GCF_020423125.1,88.1991,1197,1598,Aeromonas media
20-AH38,GCF_020341435.1,88.0456,1188,1598,Aeromonas enteropelogenes
20-AH38,GCF_012931585.1,87.9587,1269,1598,Aeromonas salmonicida
20-AH38,GCF_900637545.1,87.7974,1214,1598,Aeromonas encheleia
20-AH38,GCF_016127195.1,87.7371,1196,1598,Aeromonas jandaei
20-AH38,GCF_016026615.1,87.6496,1184,1598,Aeromonas allosaccharophila
20-AH38,GCF_008693705.1,87.5757,1194,1598,Aeromonas veronii
20-AH38,GCF_020149575.1,84.0783,1059,1598,Aeromonas rivuli
20-AH38,GCF_014892695.1,82.3078,884,1598,Aeromonas simiae
17-AH168,GCF_020405345.1,99.039,1433,1538,Aeromonas dhakensis
17-AH168,GCF_016026875.1,93.9573,1333,1538,Aeromonas hydrophila
17-AH168,GCF_014169735.1,88.7946,1156,1538,Aeromonas caviae
17-AH168,GCF_020423125.1,88.1928,1155,1538,Aeromonas media
17-AH168,GCF_020341435.1,88.0423,1154,1538,Aeromonas enteropelogenes
17-AH168,GCF_012931585.1,87.9851,1243,1538,Aeromonas salmonicida
17-AH168,GCF_900637545.1,87.8377,1181,1538,Aeromonas encheleia
17-AH168,GCF_016127195.1,87.7272,1161,1538,Aeromonas jandaei
17-AH168,GCF_016026615.1,87.5047,1149,1538,Aeromonas allosaccharophila
17-AH168,GCF_008693705.1,87.4864,1158,1538,Aeromonas veronii
17-AH168,GCF_020149575.1,84.0585,1037,1538,Aeromonas rivuli
17-AH168,GCF_014892695.1,82.5435,843,1538,Aeromonas simiae
22-AH43,GCF_020405345.1,99.0012,1453,1588,Aeromonas dhakensis
22-AH43,GCF_016026875.1,93.8955,1362,1588,Aeromonas hydrophila
22-AH43,GCF_014169735.1,88.7463,1186,1588,Aeromonas caviae
22-AH43,GCF_020423125.1,88.2324,1177,1588,Aeromonas media
22-AH43,GCF_020341435.1,87.9875,1178,1588,Aeromonas enteropelogenes
22-AH43,GCF_012931585.1,87.8696,1265,1588,Aeromonas salmonicida
22-AH43,GCF_900637545.1,87.7874,1212,1588,Aeromonas encheleia
22-AH43,GCF_016127195.1,87.7145,1182,1588,Aeromonas jandaei
22-AH43,GCF_016026615.1,87.5727,1171,1588,Aeromonas allosaccharophila
22-AH43,GCF_008693705.1,87.5401,1153,1588,Aeromonas veronii
22-AH43,GCF_020149575.1,84.0456,1046,1588,Aeromonas rivuli
22-AH43,GCF_014892695.1,82.2397,861,1588,Aeromonas simiae
26-AH122,GCF_008693705.1,96.5802,1328,1465,Aeromonas veronii
26-AH122,GCF_016026615.1,93.8191,1280,1465,Aeromonas allosaccharophila
26-AH122,GCF_016127195.1,90.9465,1225,1465,Aeromonas jandaei
26-AH122,GCF_016026875.1,87.7707,1159,1465,Aeromonas hydrophila
26-AH122,GCF_020341435.1,87.5913,1163,1465,Aeromonas enteropelogenes
26-AH122,GCF_020405345.1,87.5613,1189,1465,Aeromonas dhakensis
26-AH122,GCF_012931585.1,86.3756,1136,1465,Aeromonas salmonicida
26-AH122,GCF_020423125.1,86.301,1072,1465,Aeromonas media
26-AH122,GCF_014169735.1,86.1209,1079,1465,Aeromonas caviae
26-AH122,GCF_900637545.1,85.7952,1072,1465,Aeromonas encheleia
26-AH122,GCF_020149575.1,83.2073,952,1465,Aeromonas rivuli
26-AH122,GCF_014892695.1,81.706,793,1465,Aeromonas simiae
19,GCF_020405345.1,97.4171,1420,1543,Aeromonas dhakensis
19,GCF_016026875.1,93.8475,1375,1543,Aeromonas hydrophila
19,GCF_014169735.1,88.9415,1157,1543,Aeromonas caviae
19,GCF_020423125.1,88.2295,1195,1543,Aeromonas media
19,GCF_020341435.1,88.103,1166,1543,Aeromonas enteropelogenes
19,GCF_012931585.1,88.0926,1264,1543,Aeromonas salmonicida
19,GCF_900637545.1,87.9556,1210,1543,Aeromonas encheleia
19,GCF_016127195.1,87.6835,1177,1543,Aeromonas jandaei
19,GCF_008693705.1,87.479,1147,1543,Aeromonas veronii
19,GCF_016026615.1,87.4742,1158,1543,Aeromonas allosaccharophila
19,GCF_020149575.1,84.2201,1042,1543,Aeromonas rivuli
19,GCF_014892695.1,82.2549,853,1543,Aeromonas simiae
3-AH17,GCF_016026875.1,96.9412,1392,1574,Aeromonas hydrophila
3-AH17,GCF_020405345.1,93.8654,1347,1574,Aeromonas dhakensis
3-AH17,GCF_014169735.1,88.7999,1171,1574,Aeromonas caviae
3-AH17,GCF_012931585.1,88.4449,1243,1574,Aeromonas salmonicida
3-AH17,GCF_020423125.1,88.368,1171,1574,Aeromonas media
3-AH17,GCF_016127195.1,87.9273,1167,1574,Aeromonas jandaei
3-AH17,GCF_900637545.1,87.9184,1197,1574,Aeromonas encheleia
3-AH17,GCF_016026615.1,87.6873,1174,1574,Aeromonas allosaccharophila
3-AH17,GCF_008693705.1,87.6274,1150,1574,Aeromonas veronii
3-AH17,GCF_020341435.1,87.4799,1141,1574,Aeromonas enteropelogenes
3-AH17,GCF_020149575.1,84.1453,1065,1574,Aeromonas rivuli
3-AH17,GCF_014892695.1,82.248,837,1574,Aeromonas simiae
12-AERO139,GCF_016026875.1,96.2878,1378,1546,Aeromonas hydrophila
12-AERO139,GCF_020405345.1,93.7243,1343,1546,Aeromonas dhakensis
12-AERO139,GCF_014169735.1,88.8196,1158,1546,Aeromonas caviae
12-AERO139,GCF_012931585.1,88.2218,1256,1546,Aeromonas salmonicida
12-AERO139,GCF_020423125.1,88.1758,1181,1546,Aeromonas media
12-AERO139,GCF_016127195.1,87.9369,1180,1546,Aeromonas jandaei
12-AERO139,GCF_900637545.1,87.8766,1198,1546,Aeromonas encheleia
12-AERO139,GCF_016026615.1,87.8289,1135,1546,Aeromonas allosaccharophila
12-AERO139,GCF_008693705.1,87.8209,1131,1546,Aeromonas veronii
12-AERO139,GCF_020341435.1,87.4547,1139,1546,Aeromonas enteropelogenes
12-AERO139,GCF_020149575.1,84.1483,1034,1546,Aeromonas rivuli
12-AERO139,GCF_014892695.1,82.2428,827,1546,Aeromonas simiae
20,GCF_020405345.1,97.2544,1433,1536,Aeromonas dhakensis
20,GCF_016026875.1,93.9585,1364,1536,Aeromonas hydrophila
20,GCF_014169735.1,89.1343,1186,1536,Aeromonas caviae
20,GCF_020423125.1,88.3131,1182,1536,Aeromonas media
20,GCF_020341435.1,88.1157,1150,1536,Aeromonas enteropelogenes
20,GCF_012931585.1,88.0534,1272,1536,Aeromonas salmonicida
20,GCF_900637545.1,87.9251,1221,1536,Aeromonas encheleia
20,GCF_016127195.1,87.7671,1180,1536,Aeromonas jandaei
20,GCF_008693705.1,87.7302,1168,1536,Aeromonas veronii
20,GCF_016026615.1,87.6758,1147,1536,Aeromonas allosaccharophila
20,GCF_020149575.1,84.2186,1072,1536,Aeromonas rivuli
20,GCF_014892695.1,82.4067,859,1536,Aeromonas simiae
5,GCF_020405345.1,97.3854,1438,1558,Aeromonas dhakensis
5,GCF_016026875.1,93.906,1379,1558,Aeromonas hydrophila
5,GCF_014169735.1,89.0266,1170,1558,Aeromonas caviae
5,GCF_020423125.1,88.3333,1182,1558,Aeromonas media
5,GCF_020341435.1,88.1117,1184,1558,Aeromonas enteropelogenes
5,GCF_012931585.1,87.9962,1294,1558,Aeromonas salmonicida
5,GCF_900637545.1,87.8603,1222,1558,Aeromonas encheleia
5,GCF_016127195.1,87.7018,1195,1558,Aeromonas jandaei
5,GCF_016026615.1,87.4461,1183,1558,Aeromonas allosaccharophila
5,GCF_008693705.1,87.4402,1189,1558,Aeromonas veronii
5,GCF_020149575.1,84.145,1082,1558,Aeromonas rivuli
5,GCF_014892695.1,82.4076,881,1558,Aeromonas simiae
8-AD10,GCF_020405345.1,97.3982,1445,1525,Aeromonas dhakensis
8-AD10,GCF_016026875.1,93.9708,1372,1525,Aeromonas hydrophila
8-AD10,GCF_014169735.1,89.0202,1177,1525,Aeromonas caviae
8-AD10,GCF_020423125.1,88.2575,1206,1525,Aeromonas media
8-AD10,GCF_020341435.1,88.1431,1180,1525,Aeromonas enteropelogenes
8-AD10,GCF_012931585.1,88.0651,1277,1525,Aeromonas salmonicida
8-AD10,GCF_900637545.1,87.9413,1221,1525,Aeromonas encheleia
8-AD10,GCF_016127195.1,87.7607,1179,1525,Aeromonas jandaei
8-AD10,GCF_016026615.1,87.6086,1177,1525,Aeromonas allosaccharophila
8-AD10,GCF_008693705.1,87.49,1189,1525,Aeromonas veronii
8-AD10,GCF_020149575.1,84.1842,1050,1525,Aeromonas rivuli
8-AD10,GCF_014892695.1,82.4362,860,1525,Aeromonas simiae
41-AH141,GCF_020405345.1,99.0412,1450,1571,Aeromonas dhakensis
41-AH141,GCF_016026875.1,93.9638,1351,1571,Aeromonas hydrophila
41-AH141,GCF_014169735.1,88.8234,1164,1571,Aeromonas caviae
41-AH141,GCF_020423125.1,88.2318,1173,1571,Aeromonas media
41-AH141,GCF_020341435.1,88.0562,1178,1571,Aeromonas enteropelogenes
41-AH141,GCF_012931585.1,87.9593,1263,1571,Aeromonas salmonicida
41-AH141,GCF_900637545.1,87.7828,1194,1571,Aeromonas encheleia
41-AH141,GCF_016127195.1,87.6821,1191,1571,Aeromonas jandaei
41-AH141,GCF_008693705.1,87.5262,1177,1571,Aeromonas veronii
41-AH141,GCF_016026615.1,87.4289,1170,1571,Aeromonas allosaccharophila
41-AH141,GCF_020149575.1,84.105,1036,1571,Aeromonas rivuli
41-AH141,GCF_014892695.1,82.3044,858,1571,Aeromonas simiae
6-AH183,GCF_016026875.1,96.9275,1414,1601,Aeromonas hydrophila
6-AH183,GCF_020405345.1,93.7959,1378,1601,Aeromonas dhakensis
6-AH183,GCF_014169735.1,88.7781,1202,1601,Aeromonas caviae
6-AH183,GCF_012931585.1,88.4527,1270,1601,Aeromonas salmonicida
6-AH183,GCF_020423125.1,88.4023,1186,1601,Aeromonas media
6-AH183,GCF_900637545.1,88.0453,1201,1601,Aeromonas encheleia
6-AH183,GCF_016127195.1,87.9846,1175,1601,Aeromonas jandaei
6-AH183,GCF_016026615.1,87.7758,1182,1601,Aeromonas allosaccharophila
6-AH183,GCF_008693705.1,87.5816,1186,1601,Aeromonas veronii
6-AH183,GCF_020341435.1,87.5304,1157,1601,Aeromonas enteropelogenes
6-AH183,GCF_020149575.1,84.2513,1052,1601,Aeromonas rivuli
6-AH183,GCF_014892695.1,82.3124,847,1601,Aeromonas simiae
37-AH33,GCF_016026875.1,96.9102,1414,1602,Aeromonas hydrophila
37-AH33,GCF_020405345.1,93.8377,1361,1602,Aeromonas dhakensis
37-AH33,GCF_014169735.1,88.8402,1196,1602,Aeromonas caviae
37-AH33,GCF_012931585.1,88.4024,1274,1602,Aeromonas salmonicida
37-AH33,GCF_020423125.1,88.3344,1190,1602,Aeromonas media
37-AH33,GCF_016127195.1,87.9906,1195,1602,Aeromonas jandaei
37-AH33,GCF_900637545.1,87.9378,1222,1602,Aeromonas encheleia
37-AH33,GCF_016026615.1,87.8966,1179,1602,Aeromonas allosaccharophila
37-AH33,GCF_008693705.1,87.698,1171,1602,Aeromonas veronii
37-AH33,GCF_020341435.1,87.621,1150,1602,Aeromonas enteropelogenes
37-AH33,GCF_020149575.1,84.194,1071,1602,Aeromonas rivuli
37-AH33,GCF_014892695.1,82.3244,864,1602,Aeromonas simiae
34-AH134,GCF_020405345.1,97.3276,1423,1500,Aeromonas dhakensis
34-AH134,GCF_016026875.1,93.9987,1340,1500,Aeromonas hydrophila
34-AH134,GCF_014169735.1,88.9292,1178,1500,Aeromonas caviae
34-AH134,GCF_020423125.1,88.3605,1171,1500,Aeromonas media
34-AH134,GCF_020341435.1,88.0926,1167,1500,Aeromonas enteropelogenes
34-AH134,GCF_012931585.1,88.0686,1281,1500,Aeromonas salmonicida
34-AH134,GCF_900637545.1,87.8747,1205,1500,Aeromonas encheleia
34-AH134,GCF_016127195.1,87.8458,1171,1500,Aeromonas jandaei
34-AH134,GCF_016026615.1,87.5235,1181,1500,Aeromonas allosaccharophila
34-AH134,GCF_008693705.1,87.4861,1188,1500,Aeromonas veronii
34-AH134,GCF_020149575.1,84.2309,1047,1500,Aeromonas rivuli
34-AH134,GCF_014892695.1,82.203,867,1500,Aeromonas simiae
11-AD27,GCF_020405345.1,99.0683,1445,1560,Aeromonas dhakensis
11-AD27,GCF_016026875.1,94.0108,1355,1560,Aeromonas hydrophila
11-AD27,GCF_014169735.1,88.8311,1169,1560,Aeromonas caviae
11-AD27,GCF_020423125.1,88.1535,1177,1560,Aeromonas media
11-AD27,GCF_020341435.1,88.0319,1185,1560,Aeromonas enteropelogenes
11-AD27,GCF_012931585.1,88.0285,1264,1560,Aeromonas salmonicida
11-AD27,GCF_900637545.1,87.8646,1195,1560,Aeromonas encheleia
11-AD27,GCF_016127195.1,87.7287,1189,1560,Aeromonas jandaei
11-AD27,GCF_008693705.1,87.6175,1168,1560,Aeromonas veronii
11-AD27,GCF_016026615.1,87.5526,1166,1560,Aeromonas allosaccharophila
11-AD27,GCF_020149575.1,84.0763,1059,1560,Aeromonas rivuli
11-AD27,GCF_014892695.1,82.5281,857,1560,Aeromonas simiae
34-CXD176,GCF_014169735.1,97.911,1275,1361,Aeromonas caviae
34-CXD176,GCF_020423125.1,89.8261,1198,1361,Aeromonas media
34-CXD176,GCF_020405345.1,88.9479,1136,1361,Aeromonas dhakensis
34-CXD176,GCF_016026875.1,88.771,1151,1361,Aeromonas hydrophila
34-CXD176,GCF_900637545.1,87.9167,1159,1361,Aeromonas encheleia
34-CXD176,GCF_020341435.1,86.5169,1024,1361,Aeromonas enteropelogenes
34-CXD176,GCF_012931585.1,86.2089,1106,1361,Aeromonas salmonicida
34-CXD176,GCF_008693705.1,86.0713,1047,1361,Aeromonas veronii
34-CXD176,GCF_016026615.1,85.9849,1040,1361,Aeromonas allosaccharophila
34-CXD176,GCF_016127195.1,85.8886,1027,1361,Aeromonas jandaei
34-CXD176,GCF_020149575.1,84.2644,1024,1361,Aeromonas rivuli
34-CXD176,GCF_014892695.1,82.1385,818,1361,Aeromonas simiae
24,GCF_020405345.1,97.3659,1429,1513,Aeromonas dhakensis
24,GCF_016026875.1,93.9246,1358,1513,Aeromonas hydrophila
24,GCF_014169735.1,88.9062,1183,1513,Aeromonas caviae
24,GCF_020423125.1,88.2734,1188,1513,Aeromonas media
24,GCF_020341435.1,88.2093,1187,1513,Aeromonas enteropelogenes
24,GCF_012931585.1,88.0888,1279,1513,Aeromonas salmonicida
24,GCF_900637545.1,87.8784,1207,1513,Aeromonas encheleia
24,GCF_016127195.1,87.7541,1190,1513,Aeromonas jandaei
24,GCF_008693705.1,87.553,1169,1513,Aeromonas veronii
24,GCF_016026615.1,87.5176,1165,1513,Aeromonas allosaccharophila
24,GCF_020149575.1,84.1925,1065,1513,Aeromonas rivuli
24,GCF_014892695.1,82.4559,837,1513,Aeromonas simiae
17-AERO155,GCF_020405345.1,99.0707,1447,1565,Aeromonas dhakensis
17-AERO155,GCF_016026875.1,93.9676,1369,1565,Aeromonas hydrophila
17-AERO155,GCF_014169735.1,88.9138,1177,1565,Aeromonas caviae
17-AERO155,GCF_020423125.1,88.3004,1189,1565,Aeromonas media
17-AERO155,GCF_020341435.1,88.1113,1180,1565,Aeromonas enteropelogenes
17-AERO155,GCF_012931585.1,88.003,1265,1565,Aeromonas salmonicida
17-AERO155,GCF_900637545.1,87.9555,1200,1565,Aeromonas encheleia
17-AERO155,GCF_016127195.1,87.8357,1186,1565,Aeromonas jandaei
17-AERO155,GCF_008693705.1,87.635,1179,1565,Aeromonas veronii
17-AERO155,GCF_016026615.1,87.5415,1177,1565,Aeromonas allosaccharophila
17-AERO155,GCF_020149575.1,84.1476,1076,1565,Aeromonas rivuli
17-AERO155,GCF_014892695.1,82.5688,865,1565,Aeromonas simiae
1-AD01,GCF_020405345.1,99.0317,1455,1551,Aeromonas dhakensis
1-AD01,GCF_016026875.1,94.0191,1347,1551,Aeromonas hydrophila
1-AD01,GCF_014169735.1,88.7815,1157,1551,Aeromonas caviae
1-AD01,GCF_020423125.1,88.2129,1161,1551,Aeromonas media
1-AD01,GCF_020341435.1,88.0261,1169,1551,Aeromonas enteropelogenes
1-AD01,GCF_012931585.1,87.9837,1256,1551,Aeromonas salmonicida
1-AD01,GCF_900637545.1,87.7917,1201,1551,Aeromonas encheleia
1-AD01,GCF_016127195.1,87.7878,1166,1551,Aeromonas jandaei
1-AD01,GCF_008693705.1,87.5874,1152,1551,Aeromonas veronii
1-AD01,GCF_016026615.1,87.4811,1160,1551,Aeromonas allosaccharophila
1-AD01,GCF_020149575.1,84.0957,1048,1551,Aeromonas rivuli
1-AD01,GCF_014892695.1,82.4408,849,1551,Aeromonas simiae
15-AH166,GCF_016026875.1,96.9649,1395,1478,Aeromonas hydrophila
15-AH166,GCF_020405345.1,93.9218,1348,1478,Aeromonas dhakensis
15-AH166,GCF_014169735.1,88.8882,1181,1478,Aeromonas caviae
15-AH166,GCF_020423125.1,88.412,1186,1478,Aeromonas media
15-AH166,GCF_012931585.1,88.4035,1254,1478,Aeromonas salmonicida
15-AH166,GCF_900637545.1,88.1605,1184,1478,Aeromonas encheleia
15-AH166,GCF_016127195.1,87.9729,1173,1478,Aeromonas jandaei
15-AH166,GCF_008693705.1,87.9557,1141,1478,Aeromonas veronii
15-AH166,GCF_016026615.1,87.916,1151,1478,Aeromonas allosaccharophila
15-AH166,GCF_020341435.1,87.6852,1147,1478,Aeromonas enteropelogenes
15-AH166,GCF_020149575.1,84.2522,1048,1478,Aeromonas rivuli
15-AH166,GCF_014892695.1,82.2539,846,1478,Aeromonas simiae
23-AH44,GCF_020405345.1,99.0541,1451,1583,Aeromonas dhakensis
23-AH44,GCF_016026875.1,93.9588,1361,1583,Aeromonas hydrophila
23-AH44,GCF_014169735.1,88.8067,1185,1583,Aeromonas caviae
23-AH44,GCF_020423125.1,88.2756,1168,1583,Aeromonas media
23-AH44,GCF_020341435.1,88.0877,1180,1583,Aeromonas enteropelogenes
23-AH44,GCF_012931585.1,88.0005,1279,1583,Aeromonas salmonicida
23-AH44,GCF_900637545.1,87.8615,1190,1583,Aeromonas encheleia
23-AH44,GCF_016127195.1,87.7406,1188,1583,Aeromonas jandaei
23-AH44,GCF_016026615.1,87.6873,1169,1583,Aeromonas allosaccharophila
23-AH44,GCF_008693705.1,87.5669,1164,1583,Aeromonas veronii
23-AH44,GCF_020149575.1,84.1179,1050,1583,Aeromonas rivuli
23-AH44,GCF_014892695.1,82.4182,867,1583,Aeromonas simiae
21,GCF_016026875.1,96.9032,1421,1530,Aeromonas hydrophila
21,GCF_020405345.1,93.9171,1350,1530,Aeromonas dhakensis
21,GCF_014169735.1,88.824,1192,1530,Aeromonas caviae
21,GCF_020423125.1,88.5073,1190,1530,Aeromonas media
21,GCF_012931585.1,88.3824,1279,1530,Aeromonas salmonicida
21,GCF_900637545.1,88.0294,1230,1530,Aeromonas encheleia
21,GCF_016127195.1,87.887,1198,1530,Aeromonas jandaei
21,GCF_016026615.1,87.7891,1174,1530,Aeromonas allosaccharophila
21,GCF_008693705.1,87.7668,1168,1530,Aeromonas veronii
21,GCF_020341435.1,87.5975,1164,1530,Aeromonas enteropelogenes
21,GCF_020149575.1,84.2597,1052,1530,Aeromonas rivuli
21,GCF_014892695.1,82.253,860,1530,Aeromonas simiae
19-AD19,GCF_020405345.1,97.1887,1409,1541,Aeromonas dhakensis
19-AD19,GCF_016026875.1,93.8654,1373,1541,Aeromonas hydrophila
19-AD19,GCF_014169735.1,88.8583,1185,1541,Aeromonas caviae
19-AD19,GCF_020423125.1,88.281,1182,1541,Aeromonas media
19-AD19,GCF_020341435.1,88.0002,1162,1541,Aeromonas enteropelogenes
19-AD19,GCF_012931585.1,87.9417,1271,1541,Aeromonas salmonicida
19-AD19,GCF_900637545.1,87.8228,1211,1541,Aeromonas encheleia
19-AD19,GCF_016127195.1,87.7057,1175,1541,Aeromonas jandaei
19-AD19,GCF_008693705.1,87.5176,1149,1541,Aeromonas veronii
19-AD19,GCF_016026615.1,87.5123,1159,1541,Aeromonas allosaccharophila
19-AD19,GCF_020149575.1,84.2076,1053,1541,Aeromonas rivuli
19-AD19,GCF_014892695.1,82.313,843,1541,Aeromonas simiae
2,GCF_020405345.1,97.2831,1412,1502,Aeromonas dhakensis
2,GCF_016026875.1,93.9988,1386,1502,Aeromonas hydrophila
2,GCF_014169735.1,88.9515,1174,1502,Aeromonas caviae
2,GCF_020423125.1,88.2563,1192,1502,Aeromonas media
2,GCF_020341435.1,88.1337,1168,1502,Aeromonas enteropelogenes
2,GCF_012931585.1,88.1034,1271,1502,Aeromonas salmonicida
2,GCF_900637545.1,88.016,1196,1502,Aeromonas encheleia
2,GCF_016127195.1,87.744,1179,1502,Aeromonas jandaei
2,GCF_016026615.1,87.635,1162,1502,Aeromonas allosaccharophila
2,GCF_008693705.1,87.631,1167,1502,Aeromonas veronii
2,GCF_020149575.1,84.3045,1045,1502,Aeromonas rivuli
2,GCF_014892695.1,82.3742,841,1502,Aeromonas simiae
16-AERO154,GCF_020405345.1,99.0462,1435,1545,Aeromonas dhakensis
16-AERO154,GCF_016026875.1,93.9607,1343,1545,Aeromonas hydrophila
16-AERO154,GCF_014169735.1,88.8755,1155,1545,Aeromonas caviae
16-AERO154,GCF_020423125.1,88.2432,1166,1545,Aeromonas media
16-AERO154,GCF_020341435.1,88.1215,1174,1545,Aeromonas enteropelogenes
16-AERO154,GCF_012931585.1,87.9331,1241,1545,Aeromonas salmonicida
16-AERO154,GCF_900637545.1,87.8678,1195,1545,Aeromonas encheleia
16-AERO154,GCF_016127195.1,87.7453,1173,1545,Aeromonas jandaei
16-AERO154,GCF_008693705.1,87.5658,1174,1545,Aeromonas veronii
16-AERO154,GCF_016026615.1,87.5262,1165,1545,Aeromonas allosaccharophila
16-AERO154,GCF_020149575.1,84.0947,1032,1545,Aeromonas rivuli
16-AERO154,GCF_014892695.1,82.4718,849,1545,Aeromonas simiae
10-AH34,GCF_016026875.1,96.8799,1410,1602,Aeromonas hydrophila
10-AH34,GCF_020405345.1,93.8668,1365,1602,Aeromonas dhakensis
10-AH34,GCF_014169735.1,88.8901,1185,1602,Aeromonas caviae
10-AH34,GCF_012931585.1,88.4253,1264,1602,Aeromonas salmonicida
10-AH34,GCF_020423125.1,88.4033,1192,1602,Aeromonas media
10-AH34,GCF_900637545.1,88.0081,1226,1602,Aeromonas encheleia
10-AH34,GCF_016127195.1,87.9472,1180,1602,Aeromonas jandaei
10-AH34,GCF_016026615.1,87.8599,1177,1602,Aeromonas allosaccharophila
10-AH34,GCF_008693705.1,87.8013,1167,1602,Aeromonas veronii
10-AH34,GCF_020341435.1,87.6116,1143,1602,Aeromonas enteropelogenes
10-AH34,GCF_020149575.1,84.2707,1059,1602,Aeromonas rivuli
10-AH34,GCF_014892695.1,82.3407,857,1602,Aeromonas simiae
26-AD08,GCF_020405345.1,99.044,1451,1559,Aeromonas dhakensis
26-AD08,GCF_016026875.1,93.9714,1355,1559,Aeromonas hydrophila
26-AD08,GCF_014169735.1,88.756,1182,1559,Aeromonas caviae
26-AD08,GCF_020423125.1,88.1926,1185,1559,Aeromonas media
26-AD08,GCF_020341435.1,88.1554,1155,1559,Aeromonas enteropelogenes
26-AD08,GCF_012931585.1,87.9848,1272,1559,Aeromonas salmonicida
26-AD08,GCF_900637545.1,87.8981,1182,1559,Aeromonas encheleia
26-AD08,GCF_016127195.1,87.7164,1192,1559,Aeromonas jandaei
26-AD08,GCF_016026615.1,87.5354,1171,1559,Aeromonas allosaccharophila
26-AD08,GCF_008693705.1,87.5174,1179,1559,Aeromonas veronii
26-AD08,GCF_020149575.1,84.1649,1040,1559,Aeromonas rivuli
26-AD08,GCF_014892695.1,82.3931,865,1559,Aeromonas simiae
31-AH40,GCF_016026875.1,96.3295,1382,1534,Aeromonas hydrophila
31-AH40,GCF_020405345.1,93.78,1360,1534,Aeromonas dhakensis
31-AH40,GCF_014169735.1,88.8279,1180,1534,Aeromonas caviae
31-AH40,GCF_020423125.1,88.3519,1183,1534,Aeromonas media
31-AH40,GCF_012931585.1,88.2169,1271,1534,Aeromonas salmonicida
31-AH40,GCF_016127195.1,87.9511,1172,1534,Aeromonas jandaei
31-AH40,GCF_900637545.1,87.9421,1197,1534,Aeromonas encheleia
31-AH40,GCF_016026615.1,87.727,1192,1534,Aeromonas allosaccharophila
31-AH40,GCF_008693705.1,87.7159,1158,1534,Aeromonas veronii
31-AH40,GCF_020341435.1,87.5194,1131,1534,Aeromonas enteropelogenes
31-AH40,GCF_020149575.1,84.1558,1066,1534,Aeromonas rivuli
31-AH40,GCF_014892695.1,82.2835,824,1534,Aeromonas simiae
31-AH132,GCF_016026875.1,96.9362,1417,1627,Aeromonas hydrophila
31-AH132,GCF_020405345.1,93.8871,1377,1627,Aeromonas dhakensis
31-AH132,GCF_014169735.1,88.8265,1194,1627,Aeromonas caviae
31-AH132,GCF_012931585.1,88.4628,1274,1627,Aeromonas salmonicida
31-AH132,GCF_020423125.1,88.412,1192,1627,Aeromonas media
31-AH132,GCF_900637545.1,88.0476,1222,1627,Aeromonas encheleia
31-AH132,GCF_016127195.1,87.9822,1185,1627,Aeromonas jandaei
31-AH132,GCF_016026615.1,87.8918,1175,1627,Aeromonas allosaccharophila
31-AH132,GCF_008693705.1,87.7065,1192,1627,Aeromonas veronii
31-AH132,GCF_020341435.1,87.6449,1156,1627,Aeromonas enteropelogenes
31-AH132,GCF_020149575.1,84.2495,1068,1627,Aeromonas rivuli
31-AH132,GCF_014892695.1,82.3785,870,1627,Aeromonas simiae
11,GCF_020405345.1,97.4164,1425,1523,Aeromonas dhakensis
11,GCF_016026875.1,93.9177,1396,1523,Aeromonas hydrophila
11,GCF_014169735.1,88.9763,1181,1523,Aeromonas caviae
11,GCF_020423125.1,88.3475,1195,1523,Aeromonas media
11,GCF_020341435.1,88.2697,1153,1523,Aeromonas enteropelogenes
11,GCF_012931585.1,88.1488,1275,1523,Aeromonas salmonicida
11,GCF_900637545.1,88.011,1221,1523,Aeromonas encheleia
11,GCF_016127195.1,87.8684,1174,1523,Aeromonas jandaei
11,GCF_016026615.1,87.7112,1164,1523,Aeromonas allosaccharophila
11,GCF_008693705.1,87.6632,1160,1523,Aeromonas veronii
11,GCF_020149575.1,84.2319,1068,1523,Aeromonas rivuli
11,GCF_014892695.1,82.2926,863,1523,Aeromonas simiae
39-CXD186,GCF_020405345.1,97.2217,1423,1525,Aeromonas dhakensis
39-CXD186,GCF_016026875.1,93.945,1370,1525,Aeromonas hydrophila
39-CXD186,GCF_014169735.1,88.9095,1147,1525,Aeromonas caviae
39-CXD186,GCF_020423125.1,88.199,1176,1525,Aeromonas media
39-CXD186,GCF_020341435.1,88.0542,1155,1525,Aeromonas enteropelogenes
39-CXD186,GCF_012931585.1,88.0045,1265,1525,Aeromonas salmonicida
39-CXD186,GCF_900637545.1,87.7728,1219,1525,Aeromonas encheleia
39-CXD186,GCF_016127195.1,87.7246,1174,1525,Aeromonas jandaei
39-CXD186,GCF_008693705.1,87.3945,1150,1525,Aeromonas veronii
39-CXD186,GCF_016026615.1,87.3871,1180,1525,Aeromonas allosaccharophila
39-CXD186,GCF_020149575.1,84.1876,1038,1525,Aeromonas rivuli
39-CXD186,GCF_014892695.1,82.3712,860,1525,Aeromonas simiae
